PACFA License Number:,Facility Name:,Facility Physical Street Address,Zip Code,County,Adult Dogs: Beginning Count,Adult Dogs: Beginning Foster Count,Adult Dogs: Stray,Adult Dogs: Owner Relinquished,Adult Dogs: Owner Requested Euthanasia upon intake,Adult Dogs: Transfer in from another Colorado organization,Adult Dogs: Transfer in from Out of State organization,Adult Dogs: Other: TNR / Protective Custody / Returns / Disaster Relief,Adult Dogs: Adoption,Adult Dogs: Returned To Owner (RTO),Adult Dogs: Transfer or Rescue out to another Colorado organization,Adult Dogs: Transfer or Rescue out to an Out of State organization,Adult Dogs: Other live outcomes (ie: tnr/snr),Adult Dogs: Died,Adult Dogs: Missing / Stolen,Adult Dogs: Shelter Euthanasia,Adult Dogs: Owner Requested Euthanasia,Adult Dogs: Ending Count,Adult Dogs: Foster Count,Adult Dogs: AVG LOS,Juvenile Dogs: Beginning Count,Juvenile Dogs: Beginning Foster Count,Juvenile Dogs: Stray,Juvenile Dogs: Owner Relinquished,Juvenile Dogs: Owner Requested Euthanasia upon intake,Juvenile Dogs: Transfer in from another Colorado organization,Juvenile Dogs: Transfer in from Out of State organization,Juvenile Dogs: Other: TNR / Protective Custody / Returns / Disaster relief,Juvenile Dogs: Adoption,Juvenile Dogs: Returned To Owner (RTO),Juvenile Dogs: Transfer or Rescue out to another Colorado organization,Juvenile Dogs: Transfer or Rescue out to an Out of State organization,Juvenile Dogs: Other live outcomes (ie tnr / snr),Juvenile Dogs: Died,Juvenile Dogs: Missing / Stolen,Juvenile Dogs: Shelter Euthanasia,Juvenile Dogs: Owner Requested Euthanasia,Juvenile Dogs: Ending Count,Juvenile Dogs: Foster Count,Juvenile Dogs: AVG LOS,Adult Cats: Beginning Count,Adult Cats: Beginning Foster Count,Adult Cats: Stray,Adult Cats: Owner Relinquished,Adult Cats: Owner Requested Euthanasia upon intake,Adult Cats: Transfer in from another Colorado organization,Adult Cats: Transfer in from Out of State organization,Adult Cats: Other: TNR / Protective Custody / Returns / Disaster Relief,Adult Cats: Adoption,Adult Cats: Returned To Owner (RTO),Adult Cats: Transfer or Rescue out to another Colorado organization,Adult Cats: Transfer or Rescue out to an Out of State organization,Adult Cats: Other Live Outcomes (ie: tnr / snr),Adult Cats: Died,Adult Cats: Missing / Stolen,Adult Cats: Shelter Euthanasia,Adult Cats: Owner Requested Euthanasia,Adult Cats: Ending Count,Adult Cats: Foster Count,Adult Cats: AVG LOS,Juvenile Cats: Beginning Count,Juvenile Cats: Beginning Foster Count,Juvenile Cats: Stray,Juvenile Cats: Owner Relinquished,Juvenile Cats: Owner Requested Euthanasia upon intake,Juvenile Cats: Transfer in from another Colorado organization,Juvenile Cats: Transfer in from Out of State organization,Juvenile Cats: Other: TNR / Protective Custody / Returns / Disaster Relief,Juvenile Cats: Adoption,Juvenile Cats: Returned To Owner (RTO),Juvenile Cats: Transfer or Rescue out to another Colorado organization,Juvenile Cats: Transfer or Rescue out to an Out of State organization,Juvenile Cats: Other Live Outcomes (ie:tnr / snr),Juvenile Cats: Died,Juvenile Cats: Missing / Stolen,Juvenile Cats: Shelter Euthanasia,Juvenile Cats: Owner Requested Euthanasia,Juvenile Cats: Ending Count,Juvenile Cats: Foster Count,Juvenile Cats: AVG LOS,Birds: Beginning Count,Birds: Beginning Foster Count,Birds: Stray,Birds: Owner Relinquished,Birds: Owner Requested Euthanasia upon intake,Birds: Transfer in from another Colorado organization,Birds: Transfer in from Out of State organization,Birds: Other: TNR / Protective Custody / Returns / Disaster Relief,Birds: Adoption,Birds: Returned To Owner (RTO),Birds: Transfer or Rescue out to another Colorado organization,Birds: Transfer or Rescue out to an Out of State organization,Birds: Other Live Outcomes(ie: tnr / snr),Birds: Died,Birds: Missing / Stolen,Birds: Shelter Euthanasia,Birds: Owner Requested Euthanasia,Birds: Ending Count,Birds: Foster Count,Birds: AVG LOS,Small Mammal: Beginning Count,Small Mammal: Beginning Foster Count,Sm Mammal: Stray,Sm Mammal: Owner Relinquished,Sm Mammal: Owner Requested Euthanasia upon intake,Sm Mammal: Transfer in from another Colorado organization,Sm Mammal: Transfer in from Out of State organization,Sm Mammal: Other: TNR / Protective Custody / Returns / Disaster Relief,Sm Mammal: Adoption,Sm Mammal: Returned To Owner (RTO),Sm Mammal: Transfer or Rescue out to another Colorado organization,Sm Mammal: Transfer or Rescue out to an Out of State organization,Sm Mammal: Other Live Outcomes (ie: tnr / snr),Sm Mammal: Died,Sm Mammal: Missing / Stolen,Sm Mammal: Shelter Euthanasia,Sm Mammal: Owner Requested Euthanasia,Sm Mammal: Ending Count,Sm Mammal: Foster Count,Sm Mammal: AVG LOS,Reptiles: Beginning Count,Reptiles: Beginning Foster Count,Reptiles: Stray,Reptiles: Owner Relinquished,Reptiles: Owner Requested Euthanasia upon intake,Reptiles: Transfer in from another Colorado organization,Reptiles: Transfer in from Out of State organization,Reptiles: Other: TNR / Protective Custody / Returns / Disaster Relief,Reptiles: Adoption,Reptiles: Returned To Owner (RTO),Reptiles: Transfer or Rescue out to another Colorado organization,Reptiles: Transfer or Rescue out to an Out of State organization,Reptiles: Other Live Outcomes (ie: tnr / snr),Reptiles: Died,Reptiles: Missing / Stolen,Reptiles: Shelter Euthanasia,Reptiles: Owner Requested Euthanasia,Reptiles: Ending Count,Reptiles: Foster Count,Reptiles: AVG LOS,Rabbits: Beginning Count,Rabbits: Beginning Foster Count,Rabbits: Stray,Rabbits: Owner Relinquished,Rabbits: Owner Requested Euthanasia upon intake,Rabbits: Transfer in from another Colorado organization,Rabbits: Transfer in from Out of State organization,Rabbits: Other: TNR / Protective Custody / Returns / Disaster Relief,Rabbits: Adoption,Rabbits: Returned To Owner (RTO),Rabbits: Transfer or Rescue out to another Colorado organization,Rabbits: Transfer or Rescue out to an Out of State organization,Rabbits: Other Live Outcomes ( ie: tnr / snr),Rabbits: Died,Rabbits: Missing / Stolen,Rabbits: Shelter Euthanasia,Rabbits: Owner Requested Euthanasia,Rabbits: Ending Count,Rabbits: Foster Count,Rabbits: AVG LOS,Other: Beginning Count,Other: Beginning Foster Count,Other: What animals are you reporting for?,Other: Stray,Other: Owner Relinquished,Other: Owner Requested Euthanasia upon intake,Other: Transfer in from another Colorado organization,Other: Transfer in from Out of State organization,Other: TNR / Protective Custody / Returns / Disaster Relief,Other: Adoption,Other: Returned To Owner (RTO),Other: Transfer or Rescue out to another Colorado organization,Other: Transfer or Rescue out to an Out of State organization,Other: Other Live Outcomes (ie: tnr / snr),Other: Died,Other: Missing / Stolen,Other: Shelter Euthanasia,Other: Owner Requested Euthanasia,Other: Ending Count,Other: Foster Count,Other: AVG LOS
PL0000DL,City of Aurora Animal Shelter,15750 E 32nd Ave,80011,Adams County,24,,1794,294,26,118,,265,699,1165,455,3,,2,,142,23,32,1,9,,,57,7,,2,,28,45,25,15,,,4,,3,,2,3,8,21,,513,105,14,6,,45,311,71,93,,,3,,201,14,11,,21,1,,272,26,1,,,26,126,8,123,,,4,,61,1,3,1,28,,,21,2,,,,10,8,5,13,,,2,,5,,,,9,,,11,5,1,,,2,1,,16,,,,,1,1,,,9,2,,3,,,,,5,2,,8,,,,,,,,,12,,,6,,,,,2,,,6,,,,,,,2,,8,,,,4,5,,,,23,23,1,1,,,7,,,,,,7
PL0000EJ,City of Brighton Animal Shelter,325 1/2 N Kuner Rd,80601,Adams County,,,332,45,,,,5,3,243,87,,,,,49,,,,4.333,,,8,,,,,,2,2,4,,,,,,,8,,4.333,,,114,13,,,,,,24,68,,,,,37,,,,4,,,48,,,,,,4,,35,,,,,9,,,,4,,,5,,,,,,,,2,,,2,,1,,,,3,,,17,,,,,,,,8,,,1,,8,,,,4,,,,,,,,,,,,,,,,,,,,,,,,,,,,,,,,,,,,,,,,,,,,5,,,,,,1,,3,,,1,,,,,,4.3
PL0007YN,Colorado Beagle Rescue,4755 W. 102nd Place,80031,Adams County,10,10,52,18,,10,50,1,130,,,1,,,,,,13,13,38,1,1,,,,,3,,4,,,,,,,,,,,100,,,,,,,,,,,,,,,,,,,,,,,,,,,,,,,,,,,,,,,,,,,,,,,,,,,,,,,,,,,,,,,,,,,,,,,,,,,,,,,,,,,,,,,,,,,,,,,,,,,,,,,,,,,,,,,,,,,,,,,,,,,,,,,,,,,,,,,,,,,,,
PL000AG7,Colorado Pug Rescue,59150 E. 74th Dr.,80136,Adams County,,36,,50,,12,11,8,81,,,,,,2,8,,,27,66,,,,,,,,6,,,,,,,,,,,6,16,,,,,,,,,,,,,,,,,,,,,,,,,,,,,,,,,,,,,,,,,,,,,,,,,,,,,,,,,,,,,,,,,,,,,,,,,,,,,,,,,,,,,,,,,,,,,,,,,,,,,,,,,,,,,,,,,,,,,,,,,,,,,,,,,,,,,,,,,,,,,
PL000GBW,Friends of Retired Greyhounds,PO Box 29678,80229,Adams County,21,21,,5,,,,,116,,,,,4,,,,116,15,28,,,,,,,,,,,,,,,,,,,,,,,,,,,,,,,,,,,,,,,,,,,,,,,,,,,,,,,,,,,,,,,,,,,,,,,,,,,,,,,,,,,,,,,,,,,,,,,,,,,,,,,,,,,,,,,,,,,,,,,,,,,,,,,,,,,,,,,,,,,,,,,,,,,,,,,,,,,,,,,,,
PL000GZK,"International Hearing Dog, Inc.",5901 E. 89th Ave.,80640,Adams County,19,,,5,,13,,,25,,,,1,,,,,12,,200,,,,,,,,,,,,,,,,,,,,,,,,,,,,,,,,,,,,,,,,,,,,,,,,,,,,,,,,,,,,,,,,,,,,,,,,,,,,,,,,,,,,,,,,,,,,,,,,,,,,,,,,,,,,,,,,,,,,,,,,,,,,,,,,,,,,,,,,,,,,,,,,,,,,,,,,,,,,,,,,,
PL000X3H,Lifeline Pet Rescue,15171 Riverdale Road Unit B,80602,Adams County,23,,,,,11,30,,40,,,,,,,,,1,,21,21,,,,,194,1120,,1266,,,,,14,1,,,35,,11.2,,,,,,,,,,,,,,,,,,,,,,,,,,,,,,,,,,,,,,,,,,,,,,,,,,,,,,,,,,,,,,,,,,,,,,,,,,,,,,,,,,,,,,,,,,,,,,,,,,,,,,,,,,,,,,,,,,,,,,,,,,,,,,,,,,,,,,,,,,,,,
PL000XIM,Mile High Weimaraner Rescue,17531 E. 104th Place,80022,Adams County,27,24,1,68,,34,28,3,107,,,,,1,,4,,24,20,190,2,2,,12,,,,,5,,,,,,,,,7,7,120,,,,,,,,,,,,,,,,,,,,,,,,,,,,,,,,,,,,,,,,,,,,,,,,,,,,,,,,,,,,,,,,,,,,,,,,,,,,,,,,,,,,,,,,,,,,,,,,,,,,,,,,,,,,,,,,,,,,,,,,,,,,,,,,,,,,,,,,,,,,,
PL001011,Golden Retreiver Freedom Rescue,8653 E 148th Lane,80602,Adams County,,8,,47,,3,137,,178,,,,178,1,,3,,,13,25,,2,,1,,2,2,15,20,,,,20,,,,,,2,53,,,,,,,,,,,,,,,,,,,,,,,,,,,,,,,,,,,,,,,,,,,,,,,,,,,,,,,,,,,,,,,,,,,,,,,,,,,,,,,,,,,,,,,,,,,,,,,,,,,,,,,,,,,,,,,,,,,,,,,,,,,,,,,,,,,,,,,,,,,,,
PL0010SK,Colorado Aussie Rescue,9513 Milwaukee Ct,80229,Adams County,1,,,,,,,,1,,,,,,,,,,,10,,,,2,,,,,2,,,,,,,,,,,5,,,,,,,,,,,,,,,,,,,,,,,,,,,,,,,,,,,,,,,,,,,,,,,,,,,,,,,,,,,,,,,,,,,,,,,,,,,,,,,,,,,,,,,,,,,,,,,,,,,,,,,,,,,,,,,,,,,,,,,,,,,,,,,,,,,,,,,,,,,,,
PL001LW1,Adams County Animal Shelter/ Adoption Center,10705 Fulton St,80601,Adams County,108,10,2111,488,143,46,,335,991,1304,448,,,12,2,276,143,59,6,9.25,1,4,76,18,1,,,25,68,30,9,,,6,,3,1,2,6,5.75,54,7,789,251,38,7,,77,504,96,93,,,5,7,417,38,57,6,15,6,14,597,45,,31,,55,440,1,157,,,42,1,71,,10,26,10.12,,,20,17,1,,,,17,,16,,,1,,3,1,,,3.95,13,,12,25,3,,,2,19,2,14,,,,,16,3,1,,4.74,1,,3,33,,,,10,22,8,13,,3,1,,,,,,2.87,2,,12,10,,,,1,7,1,14,,,,,2,,1,,11.17,,,,,,,,,2,2,,,,,,,,,,,
PL001Y19,Valley Humane League,7038 Hwy 160,81101,Alamosa County,19,,198,144,,,,4,78,72,198,,,,,7,,10,,19,2,,232,51,,,,4,146,4,125,,,12,,,,2,,17,,,,,,,,,,,,,,,,,,,,,,,,,,,,,,,,,,,,,,,,,,,,,,,,,,,,,,,,,,,,,,,,,,,,,,,,,,,,,,,,,,,,,,,,,,,,,,,,,,,,,,,,,,,,,,,,,,,,,,,,,,,,,,,,,,,,,,,,,,,,,
PL0024Q0,CATS ALIVE!,11864 Willow St.,81101,Alamosa County,,,,,,,,,,,,,,,,,,,,,,,,,,,,,,,,,,,,,,,,,,4,20,4,,,,51,12,1,10,,46,1,,2,,,3,20,,,3,6,,,,10,7,,10,,17,,,2,,,,15,,,,,,,,,,,,,,,,,,,,,,,,,,,,,,,,,,,,,,,,,,,,,,,,,,,,,,,,,,,,,,,,,,,,,,,,,,,,,,,,,,,,,,,,,,,,,,,,,,,,,
PL0006R5,High Country Basset Hound Rescue,22791 E. Euclid Cir,80016,Arapahoe County,23,23,,31,,14,2,,48,,,,,,,1,,21,21,63,,,,,,,,,,,,,,,,,,,,,,,,,,,,,,,,,,,,,,,,,,,,,,,,,,,,,,,,,,,,,,,,,,,,,,,,,,,,,,,,,,,,,,,,,,,,,,,,,,,,,,,,,,,,,,,,,,,,,,,,,,,,,,,,,,,,,,,,,,,,,,,,,,,,,,,,,,,,,,,,,
PL0009QW,Doberman Rescue of Colorado,3071 S Ogden St,80113,Arapahoe County,6,,,9,,15,3,,25,,,,,,,4,,4,,42,,,,,,,,,,,,,,,,,,,,,,,,,,,,,,,,,,,,,,,,,,,,,,,,,,,,,,,,,,,,,,,,,,,,,,,,,,,,,,,,,,,,,,,,,,,,,,,,,,,,,,,,,,,,,,,,,,,,,,,,,,,,,,,,,,,,,,,,,,,,,,,,,,,,,,,,,,,,,,,,,
PL000A7R,Colorado Greyhound Adoption,8091 West Frost Ave,80128,Arapahoe County,18,18,,152,,2,,,155,,,,,1,,3,,13,13,58.47,,,,9,,,,,,,,,,,,,,9,9,180,,,,,,,,,,,,,,,,,,,,,,,,,,,,,,,,,,,,,,,,,,,,,,,,,,,,,,,,,,,,,,,,,,,,,,,,,,,,,,,,,,,,,,,,,,,,,,,,,,,,,,,,,,,,,,,,,,,,,,,,,,,,,,,,,,,,,,,,,,,,,
PL000C7K,Cavy Care Inc.,4343 S. Jasper St.,80015,Arapahoe County,,,,,,,,,,,,,,,,,,,,,,,,,,,,,,,,,,,,,,,,,,,,,,,,,,,,,,,,,,,,,,,,,,,,,,,,,,,,,,,,,,,,,,,,,,,,,,,,,,,,,73,,2,236,,23,4,,265,,,,,6,,,,63,,,,,,,,,,,,,,,,,,,,,,,,,,,,,,,,,,,,,,,,,,,,,,,,,,,,,,,,,,,,,,,
PL000GN8,Colorado Sheltie Rescue,4353 S. Lincoln St.,80113,Arapahoe County,1,1,1,10,,2,13,,23,,,,,,,3,,1,1,48,,,,,,,,,,,,,,,,,,,,,,,,,,,,,,,,,,,,,,,,,,,,,,,,,,,,,,,,,,,,,,,,,,,,,,,,,,,,,,,,,,,,,,,,,,,,,,,,,,,,,,,,,,,,,,,,,,,,,,,,,,,,,,,,,,,,,,,,,,,,,,,,,,,,,,,,,,,,,,,,,
PL000PPB,"Freedom Service Dogs, Inc",2000 W Union Ave,80110,Arapahoe County,3,22,2,,,40,42,9,68,,4,,29,,,1,,8,26,187.8,,,,,,2,,,,,,,,,,,,,,27,,,,,,,,,,,,,,,,,,,,,,,,,,,,,,,,,,,,,,,,,,,,,,,,,,,,,,,,,,,,,,,,,,,,,,,,,,,,,,,,,,,,,,,,,,,,,,,,,,,,,,,,,,,,,,,,,,,,,,,,,,,,,,,,,,,,,,,,,,,,,
PL000RZJ,Colorado Puppy Rescue,4553 s Mobile Way,80015,Arapahoe County,,,,,,,,,,,,,,,,,,,,,,3,,,,11,1263,,1213,,,26,,18,,14,,,2,3,,,,,,,,,,,,,,,,,,,,,,,,,,,,,,,,,,,,,,,,,,,,,,,,,,,,,,,,,,,,,,,,,,,,,,,,,,,,,,,,,,,,,,,,,,,,,,,,,,,,,,,,,,,,,,,,,,,,,,,,,,,,,,,,,,,,,,,,,,,,,
PL000XXV,Pembroke Welsh Corgi Club of the Rockies,1 Glenridge Dr.,80123,Arapahoe County,3,,,13,,,,,12,,,,,,,,,,1,10,,,,,,,,,,,,,,,,,,,,,,,,,,,,,,,,,,,,,,,,,,,,,,,,,,,,,,,,,,,,,,,,,,,,,,,,,,,,,,,,,,,,,,,,,,,,,,,,,,,,,,,,,,,,,,,,,,,,,,,,,,,,,,,,,,,,,,,,,,,,,,,,,,,,,,,,,,,,,,,,,
PL0010UF,Shiba Scout Rescue (d.b.a. Colorado Shiba Inu Rescue),2233 E. Panama Dr.,80121,Arapahoe County,14,14,2,12,,9,4,1,25,,,,,,,,,16,16,142.16,1,1,,,,,,,1,,,,,,,,,,,111,,,,,,,,,,,,,,,,,,,,,,,,,,,,,,,,,,,,,,,,,,,,,,,,,,,,,,,,,,,,,,,,,,,,,,,,,,,,,,,,,,,,,,,,,,,,,,,,,,,,,,,,,,,,,,,,,,,,,,,,,,,,,,,,,,,,,,,,,,,,,
PL0012Y0,Rocky Mountain Cocker Rescue,6680 S Abilene Way,80111,Arapahoe County,24,24,,84,,26,36,,134,2,2,1,,2,,4,,25,25,56.3,,,,9,,,,,3,,,,,,,,,6,6,40,,,,,,,,,,,,,,,,,,,,,,,,,,,,,,,,,,,,,,,,,,,,,,,,,,,,,,,,,,,,,,,,,,,,,,,,,,,,,,,,,,,,,,,,,,,,,,,,,,,,,,,,,,,,,,,,,,,,,,,,,,,,,,,,,,,,,,,,,,,,,
PL0013LK,Colorado Canine Rescue,3152 S Gilpin Street,80113,Arapahoe County,,9,,8,,18,82,10,156,,1,1,,1,,2,,,30,44,,13,,1,,37,63,,100,,,,,,,,,,8,41,,,,,,,,,,,,,,,,,,,,,,,,,,,,,,,,,,,,,,,,,,,,,,,,,,,,,,,,,,,,,,,,,,,,,,,,,,,,,,,,,,,,,,,,,,,,,,,,,,,,,,,,,,,,,,,,,,,,,,,,,,,,,,,,,,,,,,,,,,,,,
PL00150J,"Humane Society of the South Platte Valley, Inc.",2129 W. Chenango Avenue,80120,Arapahoe County,23,7,550,145,39,377,,82,709,377,27,1,,1,,17,39,41,11,6,1,2,16,10,,38,,4,55,4,1,,,1,,2,,1,7,17,18,8,142,77,10,87,,33,286,32,6,,2,,1,23,10,15,,59,9,12,43,14,,99,,25,169,2,,,,9,,1,,19,2,37,,,4,,,,,,,,3,,,,,1,,,,8,,,,,,,,,,,,,,,,,,,,,,,1,,,,,,,,,,1,,,,,,,11,,,,,,,,,,,,,,,,,,,,,,,,1,,,,,,,1,,,,,,,,,,10
PL001CA5,Colorado Japanese Chin Rescue,16217 E. Tennessee Ave,80017,Arapahoe County,27,27,,8,,4,2,,22,,,,18,1,,1,,16,16,183,,,,,,,,,,,,,,,,,1,,,,,,,,,,,,,,,,,,,,,,,,,,,,,,,,,,,,,,,,,,,,,,,,,,,,,,,,,,,,,,,,,,,,,,,,,,,,,,,,,,,,,,,,,,,,,,,,,,,,,,,,,,,,,,,,,,,,,,,,,,,,,,,,,,,,,,,,,,,,,,,,
PL001FAU,"Cisco Kidd, LLC",22351 E Bayaud Ave,80018,Arapahoe County,38,,14,37,,13,33,147,204,32,,,,3,,,,43,,44,4,,,,,4,4,85,97,,,,,,,,,,,70,,,1,3,,,,,4,,,,,,,,,,,42,,,,,,,,,,,,,,,,,,,,,,,,,,,,,,,,,,,,,,,,,,,,,,,,,,,,,,,,,,,,,,,,,,,,,,,,,,,,,,,,,,,,,,,,,,,,,,,,,,,,,,,,,,,,,,,,,,,,,,,,,
PL001PP3,My Fairy Dawg Mother Rescue Inc,545 Ursula Street,80011,Arapahoe County,8,8,1,4,,2,65,,,,1,,,,,,,7,7,84,,,,,,,26,,26,,,,,,,,,,,16,,,,,,,,,,,,,,,,,,,,,,,,,,,,,,,,,,,,,,,,,,,,,,,,,,,,,,,,,,,,,,,,,,,,,,,,,,,,,,,,,,,,,,,,,,,,,,,,,,,,,,,,,,,,,,,,,,,,,,,,,,,,,,,,,,,,,,,,,,,,,
Pl001Q0C,RUFF Rescue,1424 Dayton Street,80010,Arapahoe County,12,12,,2,,,425,,429,,,,,3,,2,,5,5,27,7,7,,,,,468,,445,,,,,13,,,,17,17,16,,,,,,83,,,70,,10,,,1,,,,2,2,62,,,,,,,65,,64,,,,,1,,,,,,34,,,,,,,,,,,,,,,,,,,,,,,,,,,,,,,,,,,,,,,,,,,,,,,,,,,,,,,,,,,,,,,,,,,,,,,,,,,,,,,,,,,,,,,,,,,,,,,,,,,,,
PL001XYK,Forgotten Felines Rescue,3124 S. Parker Rd Suite A2-607,80014,Arapahoe County,,,,,,,,,,,,,,,,,,,,,,,,,,,,,,,,,,,,,,,,,,2,,,,,,444,9,30,3,,366,,,32,,,,3,,7,,,,,,165,94,,72,,,1,,5,,,,45,,,,,,,,,,,,,,,,,,,,,,,,,,,,,,,,,,,,,,,,,,,,,,,,,,,,,,,,,,,,,,,,,,,,,,,,,,,,,,,,,,,,,,,,,,,,,,,,,,,,,
PL002198,Waggin Tails Canine Rescue,23404 E Dorado Pl #1D,80016,Arapahoe County,,7,,2,,5,200,,203,,,,,,,2,,,205,14,,6,,2,,20,312,,324,,,,,8,,,,,340,14,,,,,,,,,,,,,,,,,,,,,,,,,,,,,,,,,,,,,,,,,,,,,,,,,,,,,,,,,,,,,,,,,,,,,,,,,,,,,,,,,,,,,,,,,,,,,,,,,,,,,,,,,,,,,,,,,,,,,,,,,,,,,,,,,,,,,,,,,,,,,
PL0023Q3,"HeartFire Enterprises, Inc dba Happy Haven Farm & Sanctuary",67500 E. County Rd. 34,80103,Arapahoe County,9,,,,,,,,,,,,,1,,,,8,,365,,,,,,,,,,,,,,,,,,,,,41,,,5,,3,4,1,4,,,,,7,1,,,42,,360,,,,,,3,,,1,,,,,,,,,2,,360,,,,,,,,,,,,,,,,,,,,,,,,,,,,,,,,,,,,,,,,,,,,,,,,,,,,,,,,,,,,,,,,,,,,,,,,,,,,,,,,,41,,,,19,,13,,,1,,2,,,17,,,,53,,348
PL002A7B,Demi's Animal Rescue,23965 E Kettle Pl,80016,Arapahoe County,,1,,,,,12,,10,,1,,,,,,,,2,97.25,,,,,,,4,,4,,,,,,,,,,,25.75,,6,1,2,,11,2,,16,,,,,,,,,,6,106.07,,1,1,,,10,1,3,13,,,,,1,,2,,,,51.57,,,,,,,,,,,,,,,,,,,,,,,,,,,,,,,,,,,,,,,,,,,,,,,,,,,,,,,,,,,,,,,,,,,,,,,,,,,,,,,,,,,,,,,,,,,,,,,,,,,,,
PL002ECL,Mile High Dachshunds Rescue,5290 S Geneva Way,80111,Arapahoe County,,,,13,,7,,,12,,,,,,,,,,8,42.63,,,,,,,,,,,,,,,,,,,,,,,,,,,,,,,,,,,,,,,,,,,,,,,,,,,,,,,,,,,,,,,,,,,,,,,,,,,,,,,,,,,,,,,,,,,,,,,,,,,,,,,,,,,,,,,,,,,,,,,,,,,,,,,,,,,,,,,,,,,,,,,,,,,,,,,,,,,,,,,,,
PL002GQM,Soul Dog Rescue,4725 S Kalamath St,80113,Arapahoe County,59,,59,,,,,,1,,58,,,,,,,,,24,78,7,78,,,,,,7,,71,,,1,,,,,2,18,15,,15,,,,,,,,15,,,,,,,,,1,13,5,5,,,,,,12,,6,,,,,,,,,34,,,,,,,,,,,,,,,,,,,,,,,,,,,,,,,,,,,,,,,,,,,,,,,,,,,,,,,,,,,,,,,,,,,,,,,,,,,,,,,,,,,,,,,,,,,,,,,,,,,,,
PL002HPK,Mile High German Shorthaired Pointer Rescue,1344 Euclid Avenue,80121,Arapahoe County,,12,2,10,,5,19,,35,,,,,,,,,,12,78,,,,,,,,,,,,,,,,,,,,,,,,,,,,,,,,,,,,,,,,,,,,,,,,,,,,,,,,,,,,,,,,,,,,,,,,,,,,,,,,,,,,,,,,,,,,,,,,,,,,,,,,,,,,,,,,,,,,,,,,,,,,,,,,,,,,,,,,,,,,,,,,,,,,,,,,,,,,,,,,,
PL000X87,Humane Society of Pagosa Springs,465 Cloman Blvd,81147,Archuleta,17,,183,45,,3,10,19,102,144,7,,,1,,2,,21,3,31.7,6,,64,34,,,3,4,63,14,20,2,,2,,,,10,3,53.2,19,,36,33,,,,105,57,4,15,,98,5,,,,14,,73.6,20,,111,3,,,,16,81,,25,,15,7,,,,22,5,68.9,,,,,,,,,,,,,,,,,,,,,,,,,,,,,,,,,,,,,,,,,,,,,,,,,,,,,,,,,,,,,,,,,,,,,,,,,,,,,,,,,,,,,,,,,,,,,,,,,,,,,
PL000D4M,Town of Springfield,748 Main Street,CO,Baca County,1,,73,1,1,,,,3,67,,,,,,2,1,75,,5,,,,,,,,,,,,,,,,,,,,,,,,,,,,,,,,,,,,,,,,,,,,,,,,,,,,,,,,,,,,,,,,,,,,,,,,,,,,,,,,,,,,,,,,,,,,,,,,,,,,,,,,,,,,,,,,,,,,,,,,,,,,,,,,,,,,,,,,,,,,,,,,,,,,,,,,,,,,,,,,,
PL000BCB,County of Bent/City of Las Animas Animal Shelter,11200 Co Rd GG.5,81054,Bent County,6,,78,2,,,,,20,29,5,,,,,26,,,,7,,,,,,,,,,,,,,,,,,,,,,,,,,,,,,,,,,,,,,,,,,,,,,,,,,,,,,,,,,,,,,,,,,,,,,,,,,,,,,,,,,,,,,,,,,,,,,,,,,,,,,,,,,,,,,,,,,,,,,,,,,,,,,,,,,,,,,,,,,,,,,,,,,,,,,,,,,,,,,,,,
PL000019,Humane Society of Boulder Valley,2323 55th St,80301,Boulder County,45,4,832,1137,57,258,1055,83,2357,753,56,8,48,6,1,198,57,34,6,7.4,2,4,25,115,7,48,827,11,928,6,,,2,8,,8,7,1,20,7.2,31,2,411,829,55,102,90,24,1050,224,6,,16,6,1,195,55,38,6,12.4,8,15,160,195,1,144,78,,494,5,,,,23,,17,1,9,5,25.3,,,25,45,4,,,,43,1,23,,,,,3,4,,,8.6,13,3,22,248,11,3,,6,243,6,10,,2,5,,9,11,17,1,19,,,3,7,,,,,2,4,4,,,,,,,,,4.4,1,,20,91,3,1,,,82,9,16,,,3,,5,3,2,,9.8,,,,,,,,,,,,,,,,,,,,,
PL0003X5,Longmont Humane Society,9595 Nelson Road,80501,Boulder County,78,11,949,466,,103,384,15,1318,586,31,11,,3,,71,,67,11,17,19,7,2,1,,55,106,,216,18,,,,,,,,7,12,6,45,12,554,452,,17,21,9,679,116,75,24,,1,,76,,57,12,25,7,6,376,40,,42,47,,421,4,30,,,16,,11,,7,6,8,1,,16,14,,,,,22,,2,,,2,,1,,2,,9,14,,14,89,2,,,,78,4,6,,,,,,,6,,23,,,,,,,,,,,,,,,,,,,,,1,,26,39,1,,,,47,1,14,,,1,,3,1,1,,23,,,,,1,1,,,,,,1,,,,,1,,,,
PL000H70,City of Lafayette Animal Shelter,1700 Distel Drive,80026,Boulder County,,,4,,,,,,,1,3,,,,,,,,,,,,,,,,,,,,,,,,,,,,,,,,,,,,,,,,,,,,,,,,,,,,,,,,,,,,,,,,,,,,,,,,,,,,,,,,,,,,,,,,,,,,,,,,,,,,,,,,,,,,,,,,,,,,,,,,,,,,,,,,,,,,,,,,,,,,,,,,,,,,,,,,,,,,,,,,,,,,,,,,,,
PL000Z39,"Animal Rescue Connection, Inc.",2645 9th Ave,80503,Boulder County,,,,,,,,,,,,,,,,,,,,,,,,,,,,,,,,,,,,,,,,,6,6,,29,,34,,,61,,,,,,,1,,7,7,45,3,3,,62,,19,4,,83,,,,,,,3,,2,2,25,,,,,,,,,,,,,,,,,,,,,,,,,,,,,,,,,,,,,,,,,,,,,,,,,,,,,,,,,,,,,,,,,,,,,,,,,,,,,,,,,,,,,,,,,,,,,,,,,,,,,
PL001QBP,Farfel's Farm & Rescue,906 Pearl Street,80302,Boulder County,,,,12,,1,252,,263,,,,,,,,,,2,3.72,,,,,,,36,,36,,,,,,,,,,,2.2,,,,,,,,,,,,,,,,,,,,,,,,,,,,,,,,,,,,,,,,,,,,,,,,,,,,,,,,,,,,,,,,,,,,,,,,,,,,,,,,,,,,,,,,,,,,,,,,,,,,,,,,,,,,,,,,,,,,,,,,,,,,,,,,,,,,,,,,,,,,,
PL001R4Z,Summit Dog Rescue,1527 Sumac Avenue,80304,Boulder County,17,17,1,13,,,77,1,90,,,,,1,,,,17,17,56,1,1,,,,,12,,13,,,,,,,,,4,4,23,1,1,,,,,3,,4,,,,,,,,,,,92,,,,,,,9,,9,,,,,,,,,,,35,,,,,,,,,,,,,,,,,,,,,,,,,,,,,,,,,,,,,,,,,,,,,,,,,,,,,,,,,,,,,,,,,,,,,,,,,,,,,,,,,,,,,,,,,,,,,,,,,,,,,
PL002H7J,Sunshine Canyon Dog Rescue,4605 Moorhead,80305,Boulder County,,,,1,,,103,,102,,,,,,,,,1,1,17,,,,,,,174,,167,,,,,,,,,7,7,14,,,,,,,,,,,,,,,,,,,,,,,,,,,,,,,,,,,,,,,,,,,,,,,,,,,,,,,,,,,,,,,,,,,,,,,,,,,,,,,,,,,,,,,,,,,,,,,,,,,,,,,,,,,,,,,,,,,,,,,,,,,,,,,,,,,,,,,,,,,,,
PL0002G6,Willow Run Feed and Supply Store,5700 W 120th Ave,80020,Broomfield County,359,,359,3,,,,,,302,57,,,,,,,359,,,1,,,,,,,,,,1,,,,,,,1,,5,25,,25,,,,,1,,,20,,,,,4,,25,,,7,,7,,,,,,,,7,,,,,,,7,,,4,,4,,,,,,,1,3,,,,,,,4,,5,4,,4,,,,,,,1,3,,,,,,,4,,5,4,,4,,,,,,,,4,,,,,,,4,,,2,,2,,,,,,,,2,,,,,,,2,,5,,,,,,,,,,,,,,,,,,,,,
PL000FR6,Colorado House Rabbit Society,12601 Lowell Blvd,80020,Broomfield County,,,,,,,,,,,,,,,,,,,,,,,,,,,,,,,,,,,,,,,,,,,,,,,,,,,,,,,,,,,,,,,,,,,,,,,,,,,,,,,,,,,,,,,,,,,,,,,,,,,,,,,,,,,,,,,,,,,,,,,,,,,,,,,,,,,,,,,,,,,,,123,106,17,38,,37,5,,80,,,,,20,,,,124,102,,,,,,,,,,,,,,,,,,,,,,
PL000YQ6,Rocky Mountain Lab Rescue,280 E. 1st Ave. #1623,80038,Broomfield County,,9,,,,2,198,3,198,,,1,,3,,,,,18,22,,8,,,,,88,,83,,,,,1,,,,,12,12,,,,,,,,,,,,,,,,,,,,,,,,,,,,,,,,,,,,,,,,,,,,,,,,,,,,,,,,,,,,,,,,,,,,,,,,,,,,,,,,,,,,,,,,,,,,,,,,,,,,,,,,,,,,,,,,,,,,,,,,,,,,,,,,,,,,,,,,,,,,,
PL00184X,Mile High Labrador Retriever Mission,PO Box 1975,80038,Broomfield County,,10,,,,,229,1,208,,,,,1,1,,,,29,44,,2,,,,,99,,91,,,,,5,,,,,5,32,,,,,,,,,,,,,,,,,,,,,,,,,,,,,,,,,,,,,,,,,,,,,,,,,,,,,,,,,,,,,,,,,,,,,,,,,,,,,,,,,,,,,,,,,,,,,,,,,,,,,,,,,,,,,,,,,,,,,,,,,,,,,,,,,,,,,,,,,,,,,
PL0027Z4,Do Over Dogs A Second Chance At Life,13437 Bryant Way,CO,Broomfield County,61,61,,3,,,55,,51,,,,,,,,,10,10,21,132,132,4,3,,,124,,123,,,,,3,,,,3,3,7,,,,,,,,,,,,,,,,,,,,,,,,,,,,,,,,,,,,,,,,,,,,,,,,,,,,,,,,,,,,,,,,,,,,,,,,,,,,,,,,,,,,,,,,,,,,,,,,,,,,,,,,,,,,,,,,,,,,,,,,,,,,,,,,,,,,,,,,,,,,,
PL002BT2,Saving Dobermankind Animal Rescue,254 W. Midway Blvd.,80020,Broomfield County,,2,3,12,,6,36,,34,,1,,,1,,4,,,19,109,,10,,,,8,8,,20,,,,,2,,,,,4,43.7,,,,,,,,,,,,,,,,,,,,,,,,,,,,,,,,,,,,,,,,,,,,,,,,,,,,,,,,,,,,,,,,,,,,,,,,,,,,,,,,,,,,,,,,,,,,,,,,,,,,,,,,,,,,,,,,,,,,,,,,,,,,,,,,,,,,,,,,,,,,,
PL0006A2,"Ark Valley Humane Society, Inc",701 Gregg Dr,81211,Chaffee County,14,2,135,48,,19,,24,178,109,2,,,3,,6,,8,2,25.3,3,,1,12,,10,,,29,,,,,1,1,1,,,,49.2,64,,36,66,,3,,10,136,6,31,,,,,7,,19,,60.2,19,12,39,41,,,,1,85,2,19,,,11,,3,,13,9,45.1,2,,3,,,,,,3,,2,,,,,,,,,82.94,,,,,,,,,,,,,,,,,,,,,,,,,,,,,,,,,,,,,,,,,,,3,,,,,,3,,,,,,,,,,,5.8,,,,,,,,,,,,,,,,,,,,,
PL001AC9,Ark Valley Humane Society The Sunshine Shelter,10128 US Highway 50,81242,Chaffee County,1,,124,37,,,,,4,92,2,,,,,,,,,4.3,,,8,1,,,,,,,,,,2,,,,,,0.5,13,,46,42,,,,,64,3,2,,,1,,1,,,,54.8,12,,76,12,,,,,30,,1,,,,,1,,,,38,,,,,,,,,,,,,,,,,,,,,,,,,,,,,,,,,,,,,,,,,,,,,,,,,,,,,,,,,,,,,,,,,,,,,,,,,,,,,,,,,,,,,,,,,,,,,,,,,,,,,
PL000D3P,Town of Cheyenne Wells,695 North 3 East,80810,Cheyenne County,,,,2,,,,,,7,2,,9,,,,,,,2,,,,,,,,,,5,,,5,,,,,,,2,,,,,,,,,,,,,,,,,,,,,,,,,,,,,,,,,,,,,,,,,,,,,,,,,,,,,,,,,,,,,,,,,,,,,,,,,,,,,,,,,,,,,,,,,,,,,,,,,,,,,,,,,,,,,,,,,,,,,,,,,,,,,,,,,,,,,,,,,,,,,
PL000UK0,Hope For Animals -Clear Creek Rescue,1133 Lodgepole Drive,80439,Clear Creek County,18,18,,8,,11,29,,47,,,,,2,,,,17,17,99,27,27,,,,52,46,,93,,,,,3,,,,29,29,28,,,,,,,,,,,,,,,,,,,,,,,,,,,,,,,,,,,,,,,,,,,,,,,,,,,,,,,,,,,,,,,,,,,,,,,,,,,,,,,,,,,,,,,,,,,,,,,,,,,,,,,,,,,,,,,,,,,,,,,,,,,,,,,,,,,,,,,,,,,,,
PL000YBY,County of Clear Creek Animal Shelter,500 W. Dumont Rd.,80436,Clear Creek County,15,3,168,50,,3,74,35,132,160,18,,,,,,1,23,14,60,,,,,,,,,,,,,,,,,,,,,25,1,40,17,,,,,47,7,,,,,,,,26,2,200,,,7,,,,,,,,7,,,,,,,,,15,,,,,,,,,,,,,,,,,,,,,,,,,,,,,,,,,,,,,,,,,,,,,,,,,,,,,,,,,,,,,,,,,,,,,,,,,,,,,,,,,,,,,,,,,,,,,,,,,,,,,
PL000XCO,San Luis Valley Animal Welfare Society,23700 Rito Seco Road,81152,Costilla County,31,,20,123,,47,18,1,185,1,22,,1,1,,,,46,,83,16,,4,136,,6,,,118,,12,,,7,,,,15,,65,,,1,,,,,,,,1,,,,,,,,,6,,,,,,,,,,,,,,,,,,,,,,,,,,,,,,,,,,,,,,,,,,,,,,,,,,,,,,,,,,,,,,,,,,,,,,,,,,,,,,,,,,,,,,,,,,,,,,,,,,,,,2,,,,,,,,,2,,,,,,,,,,,300
PL000D8D,Town of Westcliffe,109 S. 7th,81252,Custer County,,,27,,,,,2,2,27,,,,,,,,,,1.28,,,,,,,,,,,,,,,,,,,,,,,,,,,,,,,,,,,,,,,,,,,,,,,,,,,,,,,,,,,,,,,,,,,,,,,,,,,,,,,,,,,,,,,,,,,,,,,,,,,,,,,,,,,,,,,,,,,,,,,,,,,,,,,,,,,,,,,,,,,,,,,,,,,,,,,,,,,,,,,,,
PL000HZF,Town of Silver Cliff,1011 Butler Street,81252,Custer County,,,,10,,,,,,,,,,,,,,,,,,,,,,,,,,,,,,,,,,,,,,,,,,,,,,,,,,,,,,,,,,,,,,,,,,,,,,,,,,,,,,,,,,,,,,,,,,,,,,,,,,,,,,,,,,,,,,,,,,,,,,,,,,,,,,,,,,,,,,,,,,,,,,,,,,,,,,,,,,,,,,,,,,,,,,,,,,,,,,,,,
PL000DA9,Delta County Humane Society,PO Box 1111,81416,Delta County,3,3,23,29,,10,,7,41,16,10,,,,,,,5,5,22,,,,11,,,,,11,,,,,,,,,,,23,10,10,3,,,7,,,2,,,,,,,,,18,18,106,10,10,46,,,,,,46,,,,,,,,,10,10,20,1,1,15,,,,,,,,,,10,2,,,,4,4,62,,,,,,,,,,,,,,,,,,,,,,,,,,,,,,,,,,,,,,,,,,,,,,,,,,,,,,,,,,,,,,,,,,,,,,,,,,,,,,,,,
PL001566,Black Canyon Animal Sanctuary,42528 Needle Rock Rd,81415,Delta County,75,,13,48,,6,,,68,,5,,,3,,7,,59,,186,8,,1,1,,,11,,17,,1,,,,,,,3,,55,,,,,,,,,,,,,,,,,,,,,,,,,,,,,,,,,,,,,,,,,,,,,,,,,,,,,,,,,,,,,,,,,,,,,,,,,,,,,,,,,,,,,,,,,,,,,,,,,,,,,,,,,,,,,,,,,,,,,,,,,,,,,,,,,,,,,,,,,,,,,
PL001A7K,Surface Creek Shelter,265 SE High Country Avenue,81413,Delta County,7,,85,40,,9,,,72,60,3,,,,,,,6,,22.3,,,3,6,,,,,7,2,,,,,,,,,,2.1,20,,10,35,,,,,43,6,,,,6,,,,10,,52.2,8,,84,10,,4,,,80,,,,,7,,,,19,,55.3,,,,,,,,,,,,,,,,,,,,,,,,,,,,,,,,,,,,,,,,,,,,,,,,,,,,,,,,,,,,,,,,,,,,,,,,,,,,,,,,,,,,,,,,,,,,,,,,,,,,,
PL001H6U,Delta County CAWS,640 W. 4th Street,81416,Delta County,11,1,68,18,,,,6,87,6,,,,1,,2,,7,1,32,1,13,22,1,,,,,17,3,,,,3,1,,,3,10,120,6,,24,12,,1,,,32,1,,,,,,1,,8,1,30,2,19,104,1,,,,,60,,28,,,24,,,,2,6,120,,,,,,,,,,,,,,,,,,,,,,,,,,,,,,,,,,,,,,,,,,,,,,,,,,,,,,,,,,,,,,,,,,,,,,,,,,,,,,,,,,,,,,,,,,,,,,,,,,,,,
PL0021JP,RezDawg Rescue,14138 Burgess Lane,81428,Delta County,5,5,3,,,,65,,60,,42,1,,1,,,,5,8,28,7,7,,15,,,460,,413,,34,,,4,,,,31,31,21,3,3,,,,,34,,32,,5,,,,,,,,,28,4,4,,,,,103,,85,,6,,,7,,,,9,9,40,,,,,,,,,,,,,,,,,,,,,,,,,,,,,,,,,,,,,,,,,,,,,,,,,,,,,,,,,,,,,,,,,,,,,,,,,,,,,,,,,,,,,,,,,,,,,,,,,,,,,
PL0028H0,Katmandu Paonia,40380 Mathews Lane,81428,Delta County,,,,,,,,,,,,,,,,,,,,,,,,,,,,,,,,,,,,,,,,,23,,30,12,,,,,42,,,,,,,1,,23,,,,,44,,,,,,44,,,,,,,,,,,21,,,,,,,,,,,,,,,,,,,,,,,,,,,,,,,,,,,,,,,,,,,,,,,,,,,,,,,,,,,,,,,,,,,,,,,,,,,,,,,,,,,,,,,,,,,,,,,,,,,,,
PL000027,DUMB FRIENDS LEAGUE / HUMANE SOCIETY OF DENVER,2080 S QUEBEC STREET,80231,Denver County,100,20,1226,3639,1465,1170,350,11,4239,630,711,3,,11,,611,1465,7670,161,8.9,7,39,149,264,7,222,172,12,593,13,53,,,23,,49,7,35,18,4.35,223,32,1968,3781,639,276,,1,4651,383,65,,135,19,1,859,639,135,14,15.6,56,81,1812,840,2,155,,,2050,15,50,,8,123,1,324,2,35,68,7.7,,,48,66,,2,,1,,,94,,,4,,19,,,,4.68,35,7,227,821,40,39,,,740,16,197,,,19,,144,40,,,12.9,7,3,29,43,2,2,,,17,4,52,,,1,,1,2,,,14,10,,74,249,8,28,,,255,4,68,,,7,,21,8,,,10,,,,78,105,2,153,,,131,1,103,,,6,,65,2,52,,1
PL00028N,Rocky Mountain Feline Rescue,2390 S Delaware St,80223,Denver County,,,,,,,,,,,,,,,,,,,,,,,,,,,,,,,,,,,,,,,,,80,12,92,120,,38,134,,522,1,,1,,7,,12,,70,25,146,,27,255,50,,44,135,43,558,,,,,47,,14,,,31,37,,,,,,,,,,,,,,,,,,,,,,,,,,,,,,,,,,,,,,,,,,,,,,,,,,,,,,,,,,,,,,,,,,,,,,,,,,,,,,,,,,,,,,,,,,,,,,,,,,,,,
PL00082A,HO-BO Care Boxer Rescue,1112 East Bayaud Ave,80209,Denver County,227,49,236,40,,227,187,,227,,,,,2,,3,,,49,,,,,,,,,,,,,,,,,,,,,,,,,,,,,,,,,,,,,,,,,,,,,,,,,,,,,,,,,,,,,,,,,,,,,,,,,,,,,,,,,,,,,,,,,,,,,,,,,,,,,,,,,,,,,,,,,,,,,,,,,,,,,,,,,,,,,,,,,,,,,,,,,,,,,,,,,,,,,,,,,,
PL000926,MaxFund Dog Adoption Center,1005 N. Galapago St.,80204,Denver County,79,25,181,238,,23,102,92,666,50,2,1,,17,,,,52,16,31.5,11,,31,42,,6,36,1,88,1,,,,6,,,,4,5,30.9,,,,,,,,,,,,,,,,,,,,,,,,,,,,,,,,,,,,,,,,,,,,,,,,,,,,,,,,,,,,,,,,,,,,,,,,,,,,,,,,,,,,,,,,,,,,,,,,,,,,,,,,,,,,,,,,,,,,,,,,,,,,,,,,,,,,,,,,,,,,,
PL000AAK,Clearwater Dog Training & Nikenos Second Chances,5555 W. Evans Ave.,80227,Denver County,8,8,27,11,,5,11,,28,1,,,,,,,,8,8,,,,,,,,,,,,,,,,,,,,,,3,3,9,1,,,,,9,,,,,,,,,2,2,,,,,,,,,,,,,,,,,,,,,,,,,,,,,,,,,,,,,,,,,,,,,,,,,,,,,,,,,,,,,,,,,,,,,,,,,,,,,,,,,,,,,,,,,,,,,,,,,,,,,,,,,,,,,,,,,,,,,,,,,,
PL000SZE,The Gabriel Foundation,1025 Acoma St,80204,Denver County,,,,,,,,,,,,,,,,,,,,,,,,,,,,,,,,,,,,,,,,,,,,,,,,,,,,,,,,,,,,,,,,,,,,,,,,,,,,,,,,,368,,4,43,,11,5,6,116,15,,,,50,11,30,,215,,185,,,,,,,,,,,,,,,,,,,,,,,,,,,,,,,,,,,,,,,,,,,,,,,,,,,,,,,,,,,,,,,,,,,,,,,,,,,,,,,,,
PL000UH3,Paws and People,1101 Harrison St,80206,Denver County,3,1,,,,1,43,,44,,,,,,,,,4,1,26,,,,,,,,,,,,,,,,,,,,,,,,,,,,,,,,,,,,,,,,,,,,,,,,,,,,,,,,,,,,,,,,,,,,,,,,,,,,,,,,,,,,,,,,,,,,,,,,,,,,,,,,,,,,,,,,,,,,,,,,,,,,,,,,,,,,,,,,,,,,,,,,,,,,,,,,,,,,,,,,,
PL001FM6,MaxFund Cat Adoption Center,720 W. 10th ave,80204,Denver County,,,,,,,,,,,,,,,,,,,,,,,,,,,,,,,,,,,,,,,,,226,42,121,42,,,,56,336,8,,,,41,,,,176,46,97.2,5,3,184,3,,,,1,116,,,,,23,,,,28,10,49,,,,,,,,,,,,,,,,,,,,,,,,,,,,,,,,,,,,,,,,,,,,,,,,,,,,,,,,,,,,,,,,,,,,,,,,,,,,,,,,,,,,,,,,,,,,,,,,,,,,,
PL0019X8,LIFE IS BETTER RESCUE,1051 S QUITMAN STREET,80219,Denver County,9,9,3,13,,41,146,,200,,3,,,,,3,,6,6,30,22,22,11,6,,17,160,,214,,,,,1,,,,1,1,29,6,4,5,5,,64,9,,71,,1,,4,2,,,,18,6,54,15,7,65,4,,448,15,,405,,10,,,99,,6,,27,11,44,,,1,,,8,,,9,,,,,,,,,,,3,,,,,,,,,,,,,,,,,,,,,,,,,,,,,,,,,,,,,,,,,,,,,,,,,,,,,,,,,,,,,,,,,,,,,,,,,,,,,,,,,
PL001AJY,Front range German Shepherd rescue,2688 S. Cherokee St,80223,Denver County,22,22,,42,,29,26,,89,4,3,,,,,1,,23,23,75,1,1,,4,,,4,,8,,,,,,,,,,,14,,,,,,,,,,,,,,,,,,,1,,,,,,,,,,,,,,,,,,,,,,,,,,,,,,,,,,,,,,,,,,,,,,,,,,,,,,,,,,,,,,,,,,,,,,,,,,,,,,,,,,,,,,,,,,,,,,,,,,,,,,,,,,,,,,,,,,,,,,,,,,
PL001BV6,Denver Animal Shelter,1241 W. Bayaud Ave,80223,Denver County,55,,3085,222,124,63,,1075,1185,1977,598,,,7,1,653,127,74,3,8.86,2,,211,36,1,2,,52,138,66,76,,,7,,12,1,4,,8.95,23,,673,108,33,8,,102,416,87,120,,97,4,1,165,33,74,3,17.8,2,,578,50,,,,14,228,3,371,,7,7,,27,,1,,10.75,,,12,23,,,,25,7,1,49,,,,,3,,,,13,,,39,12,,,,3,14,1,35,,,,,3,,1,,7.7,,,8,3,,,,15,6,2,11,,5,,,2,,,,11.54,,,55,4,,,,2,3,,22,,3,,,32,,1,,3.32,,,,72,15,,,,112,46,8,99,,9,3,,34,,,,11.89
PL001J8L,Save the Giants,2935 N Monroe St,80205,Denver County,,9,,23,,4,36,,44,1,3,3,,,,3,,,18,91.3,,1,,10,,,4,,6,,,,,,,,,,9,59,,,,,,,,,,,,,,,,,,,,,,,,,,,,,,,,,,,,,,,,,,,,,,,,,,,,,,,,,,,,,,,,,,,,,,,,,,,,,,,,,,,,,,,,,,,,,,,,,,,,,,,,,,,,,,,,,,,,,,,,,,,,,,,,,,,,,,,,,,,,,
PL001UV4,PawsCo Adoptions,PO Box 6261,80206,Denver County,33,33,1,11,,178,58,,211,1,3,,,1,,2,,18,18,46,6,6,,,,41,15,,54,,,,,,,,,2,2,35,14,14,,3,,34,3,10,40,1,,,,,,,,11,11,48,2,2,,,,35,,6,32,1,,,3,,,3,,9,9,33,,,,,,,,,,,,,,,,,,,,,,,,,,,,,,,,,,,,,,,,,,,,,,,,,,,,,,,,,,,,,,,,,,,,,,,,,,,,,,,,,,,,,,,,,,,,,,,,,,,,,
PL0028C9,PETCO / Dumb Friends League,4100 E. Mexico Ave,80222,Denver County,,,,,,,,,186,,,,,,,,,,,9.5,,,,,,,,,19,,,,,,,,,,,3.7,,,,,,,,,175,,,,,,,,,8,,22.6,,,,,,,,,,,,,,,,,,,,,,,,,,,,,,,,,,,,,,,,,,,,,,,,,,,,,,,,,,,,,,,,,,,,,,,,,,,,,,,,,,,,,,,,,,,,,,,,,,,,,,,,,,,,,,,,,,,,,,,,,
PL002NK7,Good Samaritan Pet Center,2831 W 24th Ave,80211,Denver County,7,6,,2,,12,5,,16,,,,,,,,,3,3,65,,,,1,,,,,1,,,,,,,,,,,14,19,16,,28,,,,,28,,,,,,,,,6,6,205,,,10,,,,,,10,,,,,1,,,,,,21,,,,,,,,,,,,,,,,,,,,,,,,,,,,,,,,,,,,,,,,,,,,,,,,,,,,,,,,,,,,,,,,,,,,,,,,,,,,,,,,,,,,,,,,,,,,,,,,,,,,,
PL000D9B,Town of Dove Creek,200 S Main St,81324,Dolores County,,,27,,,,,,,,,,,,,,,,,5,,,,,,,,,,,,,,,,,,,,5,,,223,,,,,,,,,,,30,,193,,,,,,,,,,,,,,,,,,,,,,,,,,,,,,,,,,,,,,,,,,,,,,,,,,,,,,,,,,,,,,,,,,,,,,,,,,,,,,,,,,,,,,,,,,,,,,,,,,,,,,,,,,,,,,,,,,,,,,,,,,,,,
PL000GQ4,The Dumb Friends League Buddy Center,4556 Castleton Ct,80104,Douglas County,23,,880,747,277,53,49,13,872,730,16,3,,,,125,277,27,1,6.8,1,,27,28,,14,5,,66,18,,,,,,1,,,,2.2,58,,352,666,87,6,,1,759,107,4,,4,2,,168,87,27,,15.43,2,,99,254,,2,,,428,4,,,,9,,20,,1,4,6.1,,,4,15,,,,3,3,3,14,,,,,2,,,,5.23,2,,10,210,9,9,,,196,2,27,,,1,,34,9,,,20.7,,,3,10,,,,,4,,9,,,,,,,,,8.1,,,39,41,3,2,,,48,,,,,1,,3,3,,,16,,,,5,1,,,,,1,,,,,,,5,,2,,1
PL000RHF,"English Springer Rescue America, Inc",12136 Swansea Dr,80134,Douglas County,4,4,,17,,10,3,,30,,,,,,,2,,4,4,28,,,,8,,,,,8,,,,,,,,,,,21,,,,,,,,,,,,,,,,,,,,,,,,,,,,,,,,,,,,,,,,,,,,,,,,,,,,,,,,,,,,,,,,,,,,,,,,,,,,,,,,,,,,,,,,,,,,,,,,,,,,,,,,,,,,,,,,,,,,,,,,,,,,,,,,,,,,,,,,,,,,,
PL0010NT,"Big Dogs Huge Paws, Inc",1917 Perry Park Ave,80118,Douglas County,30,30,13,168,,41,76,,265,,,,,1,,9,,23,23,70,,,,28,,,8,,36,,,,,,,,,,,46,,,,,,,,,,,,,,,,,,,,,,,,,,,,,,,,,,,,,,,,,,,,,,,,,,,,,,,,,,,,,,,,,,,,,,,,,,,,,,,,,,,,,,,,,,,,,,,,,,,,,,,,,,,,,,,,,,,,,,,,,,,,,,,,,,,,,,,,,,,,,
PL00143G,Colorado Animal Welfare League,8899 Steeplechase Drive,80116,Douglas County,8,8,,11,,3,3,,22,,,,,,,,,3,3,63,,,,5,,,1,,6,,,,,,,,,,,27,10,10,,11,,127,,3,22,,,,119,,,,,,,19,,,,71,,,,15,86,,,,,,,,,3,3,27,,,,,,,,,,,,,,,,,,,,,,,,,,,,,,,,,,,,,,,,,,,,,,,,,,,,,,,,,,,,,,,,,,,,,,,,,,,,,,,,,,,,,,,,,,,,,,,,,,,,,
PL0017GB,Rocky Mountain Yorkie Rescue,10285 Tracery Ct.,80134,Douglas County,1,1,,36,,5,,,41,,,,,,,,,41,1,14,,,,,,,,,,,,,,,,,,,,,,,,,,,,,,,,,,,,,,,,,,,,,,,,,,,,,,,,,,,,,,,,,,,,,,,,,,,,,,,,,,,,,,,,,,,,,,,,,,,,,,,,,,,,,,,,,,,,,,,,,,,,,,,,,,,,,,,,,,,,,,,,,,,,,,,,,,,,,,,,,
PL001F8Y,All Ears Basset Sanctuary,3121 Redhaven Way,80126,Douglas County,3,3,1,,,,12,,15,,,,,,,,,1,1,90,,,,,,,,,,,,,,,,,,,,,,,,,,,,,,,,,,,,,,,,,,,,,,,,,,,,,,,,,,,,,,,,,,,,,,,,,,,,,,,,,,,,,,,,,,,,,,,,,,,,,,,,,,,,,,,,,,,,,,,,,,,,,,,,,,,,,,,,,,,,,,,,,,,,,,,,,,,,,,,,,
PL001W3D,Metro Denver Parrot Rescue,17840 Mimosa St.,80134,Douglas County,,,,,,,,,,,,,,,,,,,,,,,,,,,,,,,,,,,,,,,,,,,,,,,,,,,,,,,,,,,,,,,,,,,,,,,,,,,,,,,,,,27,,46,,122,,,143,,,,,7,,,,,45,80,,,,,,,,,,,,,,,,,,,,,,,,,,,,,,,,,,,,,,,,,,,,,,,,,,,,,,,,,,,,,,,,,,,,,,,,,,,,,,,,,
PL001YL6,Doggy Dog World Rescue,7715 Crystal Lake Ct.,80125,Douglas County,10,10,,5,,23,183,9,191,,1,,,1,1,1,,25,25,18,,,,,,,126,,124,,,,,1,,,,1,1,14,,,,1,,14,15,,29,,,,,,,,,1,1,19,,,,,,8,27,0,34,,,,,1,,,,,,12,,,,,,,,,,,,,,,,,,,,,,,,,,,,,,,,,,,,,,,,,,,,,,,,,,,,,,,,,,,,,,,,,,,,,,,,,,,,,,,,,,,,,,,,,,,,,,,,,,,,,
PL002BA1,2 Blondes All Breed Rescue,7695 Louviers Blvd,80131,Douglas County,,,1,4,,,150,,140,,,,,,,1,,10,6,45,,,,2,,,711,,720,,,,,,,,1,6,10,12,,,,,,,,,,,,,,,,,,,,,,,,,,,,,,,,,,,,,,,,,,,,,,,,,,,,,,,,,,,,,,,,,,,,,,,,,,,,,,,,,,,,,,,,,,,,,,,,,,,,,,,,,,,,,,,,,,,,,,,,,,,,,,,,,,,,,,,,,,,,,
PL002D70,Douglas County Canine Rescue,300 e miller ct #1514,80104,Douglas County,,,3,5,,10,66,,54,,2,,,,,,,28,28,56,,,4,17,,11,276,,187,,,,,32,,,,121,121,21,,,,,,,,,,,,,,,,,,,,,,,,,,,,,,,,,,,,,,,,,,,,,,,,,,,,,,,,,,,,,,,,,,,,,,,,,,,,,,,,,,,,,,,,,,,,,,,,,,,,,,,,,,,,,,,,,,,,,,,,,,,,,,,,,,,,,,,,,,,,,
PL00050S,Happy Tails,23798 Hwy 24,81645,Eagle County,,,,,,,,,,,,,,,,,,,,,,,,,,,,,,,,,,,,,,,,,,,,,,,,,,,,,,,,,,,,,,,,,,,,,,,,,,,,,,,,,66,,,,,,,,,,,,,2,,,,64,,365,,,,,,,,,,,,,,,,,,,,,,,,,,,,,,,,,,,,,,,,,,,,,,,,,,,,,,,,,,,,,,,,,,,,,,,,,,,,,,,,,
PL000AQS,Eagle County Animal Shelter & Services,1400 Fairgrounds Rd,81631,Eagle County,225,2,227,218,15,,17,100,54,145,17,,,,,,,225,2,13,50,,28,14,,3,,,28,19,1,,,,,1,,,,12,89,,54,21,,7,,,56,16,13,,,1,,10,,89,,28,89,,63,9,,14,,,58,15,8,,,,,10,,89,,22,2,,,2,,2,,,,,2,,,,,,,2,,2,17,,17,14,,,,,7,,10,,,,,,,17,,16,7,,,7,,,,,4,,3,,,,,,,7,,19,8,,,8,,,,,4,,4,,,,,,,8,,12,14,,,,,,,,14,14,,,,,,,,,14,,10
PL0010AJ,Eagle Valley Humane Society,"50 Chambers Ave, Unit B",81631,Eagle County,,,,11,,4,,,14,,,,,,,1,,,,14,,,,,,5,,,5,,,,,,,,,,,49,12,3,2,48,,,,,55,,,,,,,,,8,2,,,,86,,,3,,,88,,,,,,,1,,,,28,,,,,,,,,,,,,,,,,,,,,,,,,,,,,,,,,,,,,,,,,,,,,,,,,,,,,,,,,,,,,,,,,,,,,,,,,,,,,,,,,,,,,,,,,,,,,,,,,,,,,
PL000035,Humane society of the pikes peak region,610 abbot lane,80905,El Paso County,127,8,4689,1151,820,782,936,694,3999,2945,180,5,,7,,1144,814,106,10,7.5,16,17,167,100,4,302,580,94,1120,39,42,,,17,1,32,4,5,17,7.5,89,8,2505,1013,480,7,,855,2192,310,75,,974,15,2,777,481,133,2,10,20,40,1210,305,13,5,,112,1039,11,51,,97,52,5,402,13,8,23,15,,,40,265,1,,,3,124,3,40,,,16,,124,1,1,,6,26,1,83,308,31,16,,9,360,8,,5,,15,,39,34,15,1,14,2,,23,39,3,,,14,67,2,7,,,1,,1,3,,,8,4,,59,70,12,4,,7,122,2,,,,3,1,11,12,5,,11,7,,,60,144,1,1,,17,201,10,3,,,1,,13,1,1,,11
PL0004FZ,LAND OF AHS KENNEL,12599 JORDAN ROAD,80817,El Paso County,,,198,,,,,,,141,54,,,,,2,,1,,3.1,,,,,,,,,,,,,,,,,,,,,,,64,,,,,,,8,56,,,,,,,,,4.2,,,,,,,,,,,,,,,,,,,,,,,,,,,,,,,,,,,,,,,,,,,,,,,,,,,,,,,,,,,,,,,,,,,,,,,,,,,,,,,,,,,,,,,,,,,,,,,,,,,,,,,,2,,,,,,,,2,,,,,,,,,2.5
PL0009H9,9 Lives Rescue,2965 New Center Point,80922,El Paso County,,,,,,,,,,,,,,,,,,,,,,,,,,,,,,,,,,,,,,,,,,45,20,12,,5,34,22,150,,,,11,,,1,,,41,124,,7,17,10,,,35,,3,,,,,1,,,,,,8,,,,,,,,,,,,,,,,,,,,,,,,,,,,,,,,,,,,,,,,,,,,,,,,,,,,,,,,,,,,,,,,,,,,,,,,,,,,,,,,,,,,,,,,,,,,,,,,,,,,,
PL0009J7,"Colorado Springs All Breed Rescue, Inc.","20 Mount View Lane, Unit C",80907,El Paso County,,66,,19,,49,,,95,6,,,,2,,,,,31,136.7,,2,,,,30,,,3,,,,,,,,,,29,52.5,,,,,,,,,,,,,,,,,,,,,,,,,,,,,,,,,,,,,,,,,,,,,,,,,,,,,,,,,,,,,,,,,,,,,,,,,,,,,,,,,,,,,,,,,,,,,,,,,,,,,,,,,,,,,,,,,,,,,,,,,,,,,,,,,,,,,,,,,,,,,
PL000AYA,Flitesong Cage Bird Sanctuary,685 Grey Eagle Cir N,80919,El Paso County,,,,,,,,,,,,,,,,,,,,,,,,,,,,,,,,,,,,,,,,,,,,,,,,,,,,,,,,,,,,,,,,,,,,,,,,,,,,,,,,,59,,1,,,1,,,4,,,,,7,,,,50,,365,,,,,,,,,,,,,,,,,,,,,,,,,,,,,,,,,,,,,,,,,,,,,,,,,,,,,,,,,,,,,,,,,,,,,,,,,,,,,,,,,
PL000GEQ,Blue Lion Rescue,33955 Torrence Rd.,80864,El Paso County,,,,6,,,6,,15,,,,,4,,10,,91,,38,,,,,,,,,,,,,,,,,,,,,,,,,,,,,,,,,,,,,,,,,,,,,,,,,,,,,,,,,,,,,,,,,,,,,,,,,,,,,,,,,,,,,,,,,,,,,,,,,,,,,,,,,,,,,,,,,,,,,,,,,,,,,,,,,,,,,,,,,,,,,,,,,,,,,,,,,,,,,,,,,
PL000LMT,4 Paws Rescue,8677 Saddleman Road,80831,El Paso County,1,1,,5,,1,1,,5,,,,,,1,1,,1,1,60,,,,1,,,,,,,,,,,,,,1,1,90,,,,,,,,,,,,,,,,,,,,,,,,,,,,,,,,,,,,,,,,,,,,,,,,,,,,,,,,,,,,,,,,,,,,,,,,,,,,,,,,,,,,,,,,,,,,,,,,,,,,,,,,,,,,,,,,,,,,,,,,,,,,,,,,,,,,,,,,,,,,,
PL000T9P,"Chihuahua & Small Dog Rescue, Inc.",50 H Mount View Lane,80907,El Paso County,38,38,,1,,162,,,158,,,,,,,,,43,43,31,2,2,,,,,,,2,,,,,,,,,,,31,,,,,,,,,,,,,,,,,,,,,,,,,,,,,,,,,,,,,,,,,,,,,,,,,,,,,,,,,,,,,,,,,,,,,,,,,,,,,,,,,,,,,,,,,,,,,,,,,,,,,,,,,,,,,,,,,,,,,,,,,,,,,,,,,,,,,,,,,,,,,
PL000XFU,Peanut's Place Bully Rescue,33815 Torrence Rd,80864,El Paso County,17,,,,,2,3,,4,,,,,,,1,,17,,365,,,,,,,,,,,,,,,,,,,,,,,,,,,,,,,,,,,,,,,,,,,,,,,,,,,,,,,,,,,,,,,,,,,,,,,,,,,,,,,,,,,,,,,,,,,,,,,,,,,,,,,,,,,,,,,,,,,,,,,,,,,,,,,,,,,,,,,,,,,,,,,,,,,,,,,,,,,,,,,,,
PL0011UB,National Mill Dog Rescue,5335 JD Johnson Road,80831,El Paso County,123,49,3,12,,45,750,44,603,,140,76,,11,,,,163,52,65,,,2,1,,7,29,12,20,,17,7,,1,,,,,,16,,,,,,,,,,,,,,,,,,,,,,,,,,,,,,,,,,,,,,,,,,,,,,,,,,,,,,,,,,,,,,,,,,,,,,,,,,,,,,,,,,,,,,,,,,,,,,,,,,,,,,,,,,,,,,,,,,,,,,,,,,,,,,,,,,,,,,,,,,,,,
PL00154A,Pals Forever Animal Rescue,P.O. Box 15602,80935,El Paso County,6,2,,,,21,2,,25,,,,,,,,,5,2,22,,,,,,5,8,,12,,,,,,,,,,1,60,,,,,,,,,,,,,,,,,,,,,,,,,,,,,,,,,,,,,,,,,,,,,,,,,,,,,,,,,,,,,,,,,,,,,,,,,,,,,,,,,,,,,,,,,,,,,,,,,,,,,,,,,,,,,,,,,,,,,,,,,,,,,,,,,,,,,,,,,,,,,
PL0015CT,Wild Blue Animal Rescue and Sanctuary,5975 Burgess Rd,80908,El Paso County,,,,,,,,,,,,,,,,,,,,,,,,,,,,,,,,,,,,,,,,,51,16,55,31,,16,20,2,137,2,,,,3,,4,,25,4,,16,16,203,27,,27,19,,277,,,,36,29,,3,,54,54,,,,,,,,,,,,,,,,,,,,,,,,,,,,,,,,,,,,,,,,,,,,,,,,,,,,,,,,,,,,,,,,,,,,,,,,,,,,,,,,,,,,,,,,,,,,,,,,,,,,,,
PL00187R,Lucky Dog Rescue,4401 Mark Dabling Blvd,80907,El Paso County,8,8,,3,,,3,3,13,1,,,,1,,,,,3,62.125,,1,4,16,,,13,2,34,1,,,,,,,,,,43,,,,,,,,,,,,,,,,,,,,,,,,,,,,,,,,,,,,,,,,,,,,,,,,,,,,,,,,,,,,,,,,,,,,,,,,,,,,,,,,,,,,,,,,,,,,,,,,,,,,,,,,,,,,,,,,,,,,,,,,,,,,,,,,,,,,,,,,,,,,,
PL00197M,Majestic Canine Rescue,35780 E Jones Rd,80864,El Paso County,49,,,15,,3,2,1,7,,,,,1,,2,,60,,203,,,,,,,,,,,,,,,,,,,,,,,,,,,,,,,,,,,,,,,,,,,,,,,,,,,,,,,,,,,,,,,,,,,,,,,,,,,,,,,,,,,,,,,,,,,,,,,,,,,,,,,,,,,,,,,,,,,,,,,,,,,,,,,,,,,,,,,,,,,,,,,,,,,,,,,,,,,,,,,,,
PL001EUV,Happy Cats Haven,1412 S. 21st st,80904,El Paso County,,,,,,,,,,,,,,,,,,,,,,,,,,,,,,,,,,,,,,,,,21,12,289,121,,4,,,185,,,,97,1,,,,24,10,22,36,6,190,55,,1,,,274,,,,40,2,,,,56,10,30,,,,,,,,,,,,,,,,,,,,,,,,,,,,,,,,,,,,,,,,,,,,,,,,,,,,,,,,,,,,,,,,,,,,,,,,,,,,,,,,,,,,,,,,,,,,,,,,,,,,,
PL001F29,North Star Siberian Husky Rescue,18725 Saint Andrews Drive,80132,El Paso County,7,7,2,17,,6,6,,33,,,,,1,,,,4,4,71,,,,,,,,,,,,,,,,,,,,,,,,,,,,,,,,,,,,,,,,,,,,,,,,,,,,,,,,,,,,,,,,,,,,,,,,,,,,,,,,,,,,,,,,,,,,,,,,,,,,,,,,,,,,,,,,,,,,,,,,,,,,,,,,,,,,,,,,,,,,,,,,,,,,,,,,,,,,,,,,,
PL001QJ9,Southern Colorado Animal Rescue DBA Black Forest Animal Sanctuary,16750 Thompson Road,80908,El Paso County,5,,1,3,,8,16,,25,,,,,,,,,6,,40,,,,,,,3,,3,,,,,,,,,,,15,5,,,3,,,,,,2,,,,,,,,6,,365,,,,,,,,,,,,,,,,,,,,,1,,,4,,,,,,,,,,2,,,,3,,365,,,,,,,,,,,,,,,,,,,,,,,,,,,,,,,,,,,,,,,,,,,,3,,,,,1,,,,,,,,,2,,60,32,4,,,18,,,,,8,,,,,4,,,,28,4,300
PL001SUG,Harley's Hope Foundation,13455 Highline Drive,80908,El Paso County,1,1,,6,,,,,,6,,,,,,,,,,90,,,,,,,,,,,,,,,,,,,,,2,2,,11,,,,,2,5,,,,,,,,4,4,60,,,,,,,,,,,,,,,,,,,,,,,,,,,,,,,,,,,,,,,,,,,,,,,,,,,,,,,,,,,,,,,,,,,,,,,,,,,,,,,,,,,,,,,,,,,,,,,,,,,,,,,,,,,,,,,,,,,,,,,,,
PL001VC0,"Safe Place, Inc",1141 Manitou Ave,80829,El Paso County,,,,26,,,,3,26,1,,,,,,1,,,,33,,,,,,,,,,,,,,,,,,,,,12,2,,,,2,,6,45,2,,,,,,1,,19,1,134,,,,,,,,,,,,,,,,,,,,,,,,,,,,,,,,,,,,,,,,,,,,,,,,,,,,,,,,,,,,,,,,,,,,,,,,,,,,,,,,,,,,,,,,,,,,,,,,,,,,,,,,,,,,,,,,,,,,,,,,,
PL002614,Look what the cat brought in,2129 E Boulder,80909,El Paso County,,,,,,,,,,,,,,,,,,,,,,,,,,,,,,,,,,,,,,,,,72,6,1,75,,64,13,42,178,,10,,42,8,,,,129,,107,16,7,,70,,54,6,,33,,,,,19,,,,,5,28,,,,,,,,,,,,,,,,,,,,,,,,,,,,,,,,,,,,,,,,,,,,,,,,,,,,,,,,,,,,,,,,,,,,,,,,,,,,,,,,,,,,,,,,,,,,,,,,,,,,,
PL0027H1,The Misfits Dog Rescue,189 Norman dr.,80911,El Paso County,8,5,5,36,,22,31,3,89,,,,,,,,,20,17,90,,,,,,,10,3,7,,,,,,,,,3,3,66,,,,,,,,,,,,,,,,,,,,,,,,,,,,,,,,,,,,,,,,,,,,,,,,,,,,,,,,,,,,,,,,,,,,,,,,,,,,,,,,,,,,,,,,,,,,,,,,,,,,,,,,,,,,,,,,,,,,,,,,,,,,,,,,,,,,,,,,,,,,,
PL0029U8,Great Pyrenees Rescue and Sanctuary,11603 Bradshaw Road,80831,El Paso County,4,,1,28,,3,26,,49,1,,,,,,,,12,,44.3,,,,,,,,,,,,,,,,,,,,,,,,,,,,,,,,,,,,,,,,,,,,,,,,,,,,,,,,,,,,,,,,,,,,,,,,,,,,,,,,,,,,,,,,,,,,,,,,,,,,,,,,,,,,,,,,,,,,,,,,,,,,,,,,,,,,,,,,,,,,,,,,,,,,,,,,,,,,,,,,,
PL002GG4,Certified Pound Hounds,2228 Robin Dr.,80909,El Paso County,70,53,,4,,5,61,,48,,,,,,,,,22,18,12,65,14,,3,,,18,,62,,,,,2,,,,3,1,9,,,,,,,,,,,,,,,,,,,,,,,,,,,,,,,,,,,,,,,,,,,,,,,,,,,,,,,,,,,,,,,,,,,,,,,,,,,,,,,,,,,,,,,,,,,,,,,,,,,,,,,,,,,,,,,,,,,,,,,,,,,,,,,,,,,,,,,,,,,,,
PL0001Z9,Hallcrest Kennel,2046 County Road 158,80107,Elbert County,3,,32,,,,,,8,24,,,,,,,,35,,3,,,,,,,,,,,,,,,,,,,,,,,,,,,,,,,,,,,,,,,,,,,,,,,,,,,,,,,,,,,,,,,,,,,,,,,,,,,,,,,,,,,,,,,,,,,,,,,,,,,,,,,,,,,,,,,,,,,,,,,,,,,,,,,,,,,,,,,,,,,,,,,,,,,,,,,,,,,,,,,,,
PL000BZ4,Bichon Frise Rescue Ranch,1979 Carlson Rd.,80138,Elbert County,,,,7,,,,,7,,,,,,,,,,,43,,,,,,,,,,,,,,,,,,,,,,,,,,,,,,,,,,,,,,,,,,,,,,,,,,,,,,,,,,,,,,,,,,,,,,,,,,,,,,,,,,,,,,,,,,,,,,,,,,,,,,,,,,,,,,,,,,,,,,,,,,,,,,,,,,,,,,,,,,,,,,,,,,,,,,,,,,,,,,,,,
PL000RTW,The Gabriel Foundation,39520 County road 13,80107,Elbert County,,,,,,,,,,,,,,,,,,,,,,,,,,,,,,,,,,,,,,,,,,,,,,,,,,,,,,,,,,,,,,,,,,,,,,,,,,,,,,,,,562,,13,25,,12,14,10,44,3,,,2,33,,3,,551,,,,,,,,,,,,,,,,,,,,,,,,,,,,,,,,,,,,,,,,,,,,,,,,,,,,,,,,,,,,,,,13,,,,,,,,,,,,,,,,,,13,,365
PL000VLS,New Hope Cattle Dogs Rescue & Rehoming,47073 Silver Fir St.,CO,Elbert County,,13,4,8,,72,141,,223,,,,,,,2,,,13,57,,,,2,,5,25,,23,,,,,,,,,,9,87,,,,,,,,,,,,,,,,,,,,,,,,,,,,,,,,,,,,,,,,,,,,,,,,,,,,,,,,,,,,,,,,,,,,,,,,,,,,,,,,,,,,,,,,,,,,,,,,,,,,,,,,,,,,,,,,,,,,,,,,,,,,,,,,,,,,,,,,,,,,,
PL000043,Humane Society of Fremont County,110 Rhoades Ave,81212,Fremont County,31,,386,193,,3,,450,333,532,141,,,4,,7,7,39,,0.54,3,,65,27,,,,24,87,17,2,,,2,,1,,10,,,28,0,176,120,,,,66,169,28,121,,,20,1,9,1,41,,0.73,6,,256,69,,,,25,73,1,199,,,63,,6,,14,,,,,1,2,,,,,3,,,,,,,,,,,4.33,,,,2,,,,,2,,,,,,,,,,,4.75,,,,,,,,,,,,,,,,,,,,,3,,3,5,,,,,1,,10,,,,,,,,,16.4,,,,,,,,,2,1,1,,,,,,,,,,
PL000U04,Arrowhead Correctional Center,"57500 US Highway 50, East Canon Correctional Complex",81212,Fremont County,52,,,46,,79,102,27,254,,,,,,,1,,73,,63,4,,,,,,4,,3,,1,,,,,,,,,63,,,,,,,,,,,,,,,,,,,,,,,,,,,,,,,,,,,,,,,,,,,,,,,,,,,,,,,,,,,,,,,,,,,,,,,,,,,,,,,,,,,,,,,,,,,,,,,,,,,,,,,,,,,,,,,,,,,,,,,,,,,,,,,,,,,,,,,,,,,,,
PL00294M,Painted Paws for Veterans,839 Deer Run Dr,81223,Fremont County,29,,2,21,,5,47,,35,,24,,,,,1,,44,,94,13,,4,10,,12,99,47,102,,24,1,,16,,4,,38,,68,,,,,,,,,,,,,,,,,,,,,,,,,,,,,,,,,,,,,,,,,,,,,,,,,,,,,,,,,,,,,,,,,,,,,,,,,,,,,,,,,,,,,,,,,,,,,,,,,,,,,,,,,,,,,,,,,,,,,,,,,,,,,,,,,,,,,,,,,,,,,
PL0006JK,Rifle Animal Shelter,0569 cord 265,81650,Garfield County,23,,213,191,,105,44,,388,155,9,4,,2,,4,,26,,20.1,3,,29,56,,41,16,4,123,13,,,,,1,,,1,,22.6,18,,74,87,,35,2,17,181,10,,,14,,,9,,30,,40.6,38,,181,197,,55,69,64,472,1,,,11,25,,14,,57,,37.4,,,2,,,,,,2,,,,,,,,,,,12,,,1,1,,,,,1,,,,,1,,,,,,30,,,1,,,,,,,,1,,,,,,,,,,,,5,3,,,,,5,,1,,,,,,,2,,44.3,,,,4,,,,,,3,1,,,,,,,,,,4.4
PL000CUC,"Colorado Animal Rescue, Inc.",2801 County Road 114,81601,Garfield County,26,3,161,124,,79,,68,201,138,73,,4,5,,18,,20,2,25,,,16,21,,11,,8,46,2,5,,,1,,2,,1,,21,42,3,130,110,,30,,19,193,68,10,,12,,,16,,26,2,28,4,,87,24,,32,,26,148,2,10,,1,5,,6,,4,,16,,,28,16,,,,,30,,11,,,,,3,,,,7,,,2,38,,,,10,3,1,45,,,1,,,,,,12,,,,4,,,,,2,,2,,,,,,,,,22,,,2,5,,,,,1,,5,,,,,1,,,,14,,,,,,,,,,,,,,,,,,,,,
PL0011JX,Divide Creek Animal Hospital,470 CR 31,81652,Garfield County,,,143,,,,,,,,143,,,,,,,,,5,,,,,,,,,,,,,,,,,,,,,,,83,,,,,,,,83,,,,,,,,,5,,,,,,,,,,,,,,,,,,,,,,,,,,,,,,,,,,,,,,,,,,,3,,,,,,,,3,,,,,,,,,5,,,,,,,,,,,,,,,,,,,,,,,,,,,,,,,,,,,,,,,,,,,,,,,,,,,,,,,,,,,,,
PL0018SN,Perfect Unions Animal Rescue Foundation,726 Burning Mtn. Ave.,81647,Garfield County,3,,,,,21,7,,29,,,,,,,,,2,,20,,,,,,6,35,,40,,,,,,,,,1,,65,,,,,,,,,,,,,,,,,,,,,,,,,,,,,,,,,,,,,,,,,,,,,,,,,,,,,,,,,,,,,,,,,,,,,,,,,,,,,,,,,,,,,,,,,,,,,,,,,,,,,,,,,,,,,,,,,,,,,,,,,,,,,,,,,,,,,,,,,,,,,
PL001U99,Red Hill Animal Health Center,955 Cowen Drive,81623,Garfield County,41,,41,,,,,3,7,30,3,,,,,,1,,,3,,,,,,,,,,,,,,,,,,,,,1,,1,,,,,,1,,,,,,,,,,,12,,,,,,,,,,,,,,,,,,,,,,,,,,,,,,,,,,,,,,,,,,,,,,,,,,,,,,,,,,,,,,,,,,,,,,,,,,,,,,,,,,,,,,,,,,,,,,,,,,,,,,,,,,,,,,,,,,,,,,,,,
PL0007AX,Grand County Animal Shelter,3475 County Rd 57,80446,Grand County,6,,131,42,,1,,,47,114,,,,,,2,,4,,30,,,2,1,,2,,,5,,,,,,,1,,,,40,8,,39,28,,,,,44,10,,,,,,3,,7,,89,,,4,6,,,,,9,,,,,,,1,,,,40,,,,,,,,,,,,,,,,,,,,,,,1,,,,,,,1,,,,,,,,,,30,,,,,,,,,,,,,,,,,,,,,,,1,1,,,,,2,,,,,,,,,,,90,,,,,,,,,,,,,,,,,,,,,
PL001GBN,Mountain Pet Rescue,36 County Road 8591,80446,Grand County,,27,,1,,14,133,11,145,,3,,,2,,,,,9,43,,7,,,,,120,,120,,,,,,,,,,,19,,,,,,,,,,,,,,,,,,,,,,,,,,,,,,,,,,,,,,,,,,,,,,,,,,,,,,,,,,,,,,,,,,,,,,,,,,,,,,,,,,,,,,,,,,,,,,,,,,,,,,,,,,,,,,,,,,,,,,,,,,,,,,,,,,,,,,,,,,,,,
PL000051,City of Gunnison Animal shelter,1100 w Virginia,81230,Gunnison County,15,,15,,,,,,,15,,,,,,,,15,,1,,,,,,,,,,,,,,,,,,,,,3,,3,,,,,,,3,,,,,,,,3,,3,,,,,,,,,,,,,,,,,,,,,,,,,,,,,,,,,,,,,,,,,,,,,,,,,,,,,,,,,,,,,,,,,,,,,,,,,,,,,,,,,,,,,,,,,,,,,,,,,,,,,,,,,,,,,,,,,,,,,,,,,
PL000YWT,Paradise Animal Welfare Society,26651 Hwy 135 (POB 531),81224,Gunnison County,,1,38,1,,,4,,5,38,,,1,,,,,43,1,,,,,,,,,,,,,,,,,,,,,,,,8,1,,,1,,6,4,,,,,,,,8,,35,,,6,,,,2,,7,,,,,1,,,,7,,56,,,,,,,,,,,,,,,,,,,,,,,,,,,,,,,,,,,,,,,,,,,,,,,,,,,,,,,,,,,,,,,,,,,,,1,,,,,,,,,1,,,,,,,,,,,,,,,,,,,,,,,
PL001LQD,Town of Crested Butte,803 Butte Avenue,81224,Gunnison County,,,8,,,,,,,8,,,,,,,,,,0.25,,,,,,,,,,,,,,,,,,,,,,,,,,,,,,,,,,,,,,,,,,,,,,,,,,,,,,,,,,,,,,,,,,,,,,,,,,,,,,,,,,,1,,,,,,,1,,,,,,,,,,,,,,,,,,,,,,,,,,,,,,,,,,,,,,,,,,,,,,,,,,,,,,,,,,,,,,,,,,,,,,,
PL00239Z,Gunnison Valley Animal Welfare League,98 Basin Park Drive,81230,Gunnison County,1,4,204,40,,11,86,2,148,180,,,,2,,3,,8,4,11,,,5,4,,5,7,,10,13,1,,,,,,,,,11,1,5,49,25,,20,5,2,77,23,,,1,,,,,4,2,20,,,11,7,,59,,,72,3,,,,1,,,,1,,20,,,,,,,,,,,,,,,,,,,,,,,1,4,,,,,5,,,,,,,,,,,10,,,,,,,,,,,,,,,,,,,,,,,,,,,,,,,,,,,,,,,,,,,,,,,,,,,,,,,,,,,,,
PL0029RE,Oh Be Dogful Rescue,336B Buckley Dr,81224,Gunnison County,7,,,4,,1,3,1,5,,,,,1,,,,7,,188,,,,,,,,,,,,,,,,,,,,,3,,,1,,1,,,2,,,,,1,,,,1,,303,,,,,,,,,,,,,,,,,,,,,,,,,,,,,,,,,,,,,,,,,,,,,,,,,,,,,,,,,,,,,,,,,,,,,,,,,,,,,,,,,,,,,,,,,,,,,,,,,,,,,,,,,,,,,,,,,,,,,,,,,
PL0006LF,City of Walsenburg Animal Shelter,305 Ray Sandoval Street,81089,Huerfano County,,,78,,,,,12,5,46,29,,,,3,3,1,3,,8,,,37,,,,,,4,6,26,,,,,1,,,,9,,,,,,,,,,,,,,,,,,,,,,,,,,,,,,,,,,,,,,,,,,,,,,,,,,,,,,,,,,,,,,,,,,,,,,,,,,,,,,,,,,,,,,,,,,,,,,,,,,,,,,,,,,,,,,,,,,,,,,,,,,,,,,,,,,,,,,,,,,,,,
PL000CMS,Town of La Veta,113 S. Main Street,81055,Huerfano County,,,,,,,,,,,,,,,,,,,,,,,,,,,,,,,1,,,,,,,,,,,,,,,,,,,,,,,,,,,,,,,,,,,,,,,,,,,,,,,,,,,,,,,,,,,,,,,,,,,,,,,,,,,,,,,,,,,,,,,,,,,,,,,,,,,,,,,,,,,,,,,,,,,,,,,,,,,,,,,,,,,,,,,,,,,,,,,,,,,,,,
PL001XEN,Denver Dachshunds Rescue and Transport,1165 Hereford Dr,81069,Huerfano County,32,32,,15,4,123,65,,179,,,,,5,,,,30,30,15,1,1,,2,,,,,12,,,,12,,,,,,,15,,,,,,,,,,,,,,,,,,,,,,,,,,,,,,,,,,,,,,,,,,,,,,,,,,,,,,,,,,,,,,,,,,,,,,,,,,,,,,,,,,,,,,,,,,,,,,,,,,,,,,,,,,,,,,,,,,,,,,,,,,,,,,,,,,,,,,,,,,,,,
PL000934,Evergreen Animal Protective League,32163 Soda Creek Dr,80439,Jefferson County,,21,,3,,113,209,,280,,,2,,6,,,,,64,51,,16,,,,10,315,,343,,,,,8,,,,,14,6,,17,11,6,,,10,,23,,,,,5,,2,,,13,48,,7,52,,,,28,,80,,,,,1,,,,,6,6,,,,,,,,,,,,,,,,,,,,,,,,,,,,,,,,,,,,,,,,,,,,,,,,,,,,,,,,,,,,,,1,,1,,,,,,,,,,,,,,,1,92,,,,,,,,,,,,,,,,,,,,,
PL000G90,Cat Care Society,5787 W 6th Ave,80214,Jefferson County,,,,,,,,,,,,,,,,,,,,,,,,,,,,,,,,,,,,,,,,,48,11,80,68,,3,,,219,18,3,,219,3,,5,,72,5,54,2,,109,28,,27,,7,142,,,,,10,,2,,12,,40,,,,,,,,,,,,,,,,,,,,,,,,,,,,,,,,,,,,,,,,,,,,,,,,,,,,,,,,,,,,,,,,,,,,,,,,,,,,,,,,,,,,,,,,,,,,,,,,,,,,,
PL000HBS,"Rocky Mountain Great Dane Rescue, Inc.",12277 W Tennessee Ave,80228,Jefferson County,14,14,,45,,4,4,,57,,,,,,,3,,7,7,89,,,,,,,,,,,,,,,,,,,,,,,,,,,,,,,,,,,,,,,,,,,,,,,,,,,,,,,,,,,,,,,,,,,,,,,,,,,,,,,,,,,,,,,,,,,,,,,,,,,,,,,,,,,,,,,,,,,,,,,,,,,,,,,,,,,,,,,,,,,,,,,,,,,,,,,,,,,,,,,,,
PL000KVF,Angels With Paws,2540 Youngfield St,80215,Jefferson County,,,,,,,,,,,,,,,,,,,,,,,,,,,,,,,,,,,,,,,,,16,5,79,62,,13,136,,279,3,,,,12,,3,,32,3,14,,3,5,,,2,25,,20,,,,,2,,,,5,,14,,,,,,,,,,,,,,,,,,,,,,,,,,,,,,,,,,,,,,,,,,,,,,,,,,,,,,,,,,,,,,,,,,,,,,,,,,,,,,,,,,,,,,,,,,,,,,,,,,,,,
PL000MLR,Chow Dow Pet Supplies,1260 Bergen Parkway,80439,Jefferson County,,,,,,,,,,,,,,,,,,,,,,,,,,,,,,,,,,,,,,,,,16,,29,41,,,4,,68,4,,,,,,,,18,,69,,,,,,,,,,,,,,,,,,,,,,,,,,,,,,,,,,,,,,,,,,,,,,,,,,,,,,,,,,,,,,,,,,,,,,,,,,,,,,,,,,,,,,,,,,,,,,,,,,,,,,,,,,,,,,,,,,,,,,,,,
PL000N0U,"Vintage Dog Rescue, Inc.",19 North Ranch Road,80127,Jefferson County,8,25,,40,,20,28,,91,,2,,,1,,7,,8,12,64,,,,,,,,,,,,,,,,,,,,,,,,,,,,,,,,,,,,,,,,,,,,,,,,,,,,,,,,,,,,,,,,,,,,,,,,,,,,,,,,,,,,,,,,,,,,,,,,,,,,,,,,,,,,,,,,,,,,,,,,,,,,,,,,,,,,,,,,,,,,,,,,,,,,,,,,,,,,,,,,,
PL000UPS,"Retriever Rescue of Colorado, Inc.",30616 Bryant Dr.,80439,Jefferson County,,21,,5,,3,130,,159,,,,,2,,,,,32,94,,10,,,,,44,27,70,,1,,,,,,,,4,26,,,,,,,,,,,,,,,,,,,,,,,,,,,,,,,,,,,,,,,,,,,,,,,,,,,,,,,,,,,,,,,,,,,,,,,,,,,,,,,,,,,,,,,,,,,,,,,,,,,,,,,,,,,,,,,,,,,,,,,,,,,,,,,,,,,,,,,,,,,,,
PL000UWC,Misha May Foundation,120 S Kendall St,80226,Jefferson County,,3,,,,,,,3,,,,,,,,,,,180,,,,,,,,,,,,,,,,,,,,,,1,,,,,,,1,,,,,,,,,,,90,,,,,,,,,,,,,,,,,,,,,,,,,,,,,,,,,,,,,,,,,,,,,,,,,,,,,,,,,,,,,,,,,,,,,,,,,,,,,,,,,,,,,,,,,,,,,,,,,,,,,,,,,,,,,,,,,,,,,,,,,
PL000V2T,Rottie Aid,7049 South Allison Way,80128,Jefferson County,6,6,,4,,14,7,,16,,,,,,,3,,3,3,42,,,,,,,,,,,,,,,,,,,,,,,,,,,,,,,,,,,,,,,,,,,,,,,,,,,,,,,,,,,,,,,,,,,,,,,,,,,,,,,,,,,,,,,,,,,,,,,,,,,,,,,,,,,,,,,,,,,,,,,,,,,,,,,,,,,,,,,,,,,,,,,,,,,,,,,,,,,,,,,,,
PL000VPL,Safe Harbor Lab Rescue,601 16th Street #C322,80401,Jefferson County,,14,,44,,65,127,3,233,,2,,3,,,1,,,17,27,,,,,,8,8,,16,,,,,,,,,,,10,,,,,,,,,,,,,,,,,,,,,,,,,,,,,,,,,,,,,,,,,,,,,,,,,,,,,,,,,,,,,,,,,,,,,,,,,,,,,,,,,,,,,,,,,,,,,,,,,,,,,,,,,,,,,,,,,,,,,,,,,,,,,,,,,,,,,,,,,,,,,
PL0011Y3,Best Friends Forever,6350 Oak St. #206,80004,Jefferson County,6,6,,4,,,67,,67,,,,,,,,,10,10,38,,,,,,,,,,,,,,,,,,,,,,,,,,,,,,,,,,,,,,,,,,,,,,,,,,,,,,,,,,,,,,,,,,,,,,,,,,,,,,,,,,,,,,,,,,,,,,,,,,,,,,,,,,,,,,,,,,,,,,,,,,,,,,,,,,,,,,,,,,,,,,,,,,,,,,,,,,,,,,,,,
PL0012FZ,Lucky Paws Rescue,4455 Gladiola Street,80403,Jefferson County,,,,,,,,,,,,,,,,,,,,,,,,,,,,,,,,,,,,,,,,,3,1,3,,,3,,,2,,3,,,,,,,3,3,30,2,2,2,,,27,,,8,,21,,,1,,,,1,1,60,,,,,,,,,,,,,,,,,,,,,,,,,,,,,,,,,,,,,,,,,,,,,,,,,,,,,,,,,,,,,,,,,,,,,,,,,,,,,,,,,,,,,,,,,,,,,,,,,,,,,
PL001822,Foothills Animal Shelter,580 McIntyre Street,80401,Jefferson County,51,5,2131,709,383,464,685,557,2779,1374,121,,,3,,251,383,69,9,7.4,11,10,120,55,,139,282,35,570,36,6,,,10,,4,2,14,9,11.8,87,7,944,520,221,108,156,244,1518,184,16,,,19,1,242,224,76,7,18.3,30,23,476,77,,247,104,18,865,3,7,,,23,1,33,,20,14,24.5,,,18,37,1,28,,1,75,1,6,,,,,2,,1,,6.3,10,,215,156,12,13,,2,205,5,144,,,1,,32,12,9,1,12.9,,,128,14,1,,,,137,,2,,,1,,,1,2,,13.2,11,5,49,74,5,,,14,125,3,5,,,,,5,5,5,,33.7,10,,,46,13,1,1,,5,61,2,7,,,1,,2,1,2,,17.2
PL001ECU,Almost Home Adoptions for rescued cats,6010 W. 88th Ave,80031,Jefferson County,,,,,,,,,,,,,,,,,,,,,,,,,,,,,,,,,,,,,,,,,109,1,169,41,,,,31,218,6,,,31,,,11,,85,,60,,4,359,29,,,,,384,,,,,,,,,8,,40,,,,,,,,,,,,,,,,,,,,,,,,,,,,,,,,,,,,,,,,,,,,,,,,,,,,,,,,,,,,,,,,,,,,,,,,,,,,,,,,,,,,,,,,,,,,,,,,,,,,,
PL001G50,Golden Retriever Rescue of the Rockies,15350 W. 72nd Ave.,80007,Jefferson County,8,3,,128,,33,22,12,173,1,8,,,1,,9,,10,,28,,,,17,,,,,17,,,,,,,,,,,57,,,,,,,,,,,,,,,,,,,,,,,,,,,,,,,,,,,,,,,,,,,,,,,,,,,,,,,,,,,,,,,,,,,,,,,,,,,,,,,,,,,,,,,,,,,,,,,,,,,,,,,,,,,,,,,,,,,,,,,,,,,,,,,,,,,,,,,,,,,,,
PL001GAQ,L.O.L.A.'S Rescue,6005 S Taft Way,80127,Jefferson County,11,11,2,,,2,41,3,44,2,4,,,2,,,,9,9,90,13,13,4,5,,9,152,1,179,,,,,4,,,,1,1,14,,,5,5,,,35,,42,,,,,,,,,3,3,42,10,10,10,4,,16,145,6,176,,,,,15,,,,,,35,,,,,,,,,,,,,,,,,,,,,,,,,,,,,,,,,,,,,,,,,,,,,,,,,,,,,,,,,,,,,,,,,,,,,,,,,,,,,,,,,,,,,,,,,,,,,,,,,,,,,
PL001SVE,OutPaws,8341 Sangre de Cristo Rd Ste 106,80127,Jefferson County,,41,2,15,,7,231,12,266,1,,,,,,3,,,38,58,,,,,,,54,2,55,,,,,,,,,,1,19,,3,,,,1,,5,7,,,,,,,,,,2,61,,,,,,30,5,,33,,,,,,,,,,2,23,,,,,,,,,,,,,,,,,,,,,,,,,,,,,,,,,,,,,,,,,,,,,,,,,,,,,,,,,,,,,,,,,,,,,,,,,,,,,,,,,,,,,,,,,,,,,,,,,,,,,
PL001TNN,Colorado Peke and Pom Rescue,14940 W 72nd Ave,80007,Jefferson County,8,8,2,21,,26,24,2,74,,,,,,,2,,7,7,31,,,,3,,3,1,,7,,,,,,,,,,,31,,,,,,,,,,,,,,,,,,,,,,,,,,,,,,,,,,,,,,,,,,,,,,,,,,,,,,,,,,,,,,,,,,,,,,,,,,,,,,,,,,,,,,,,,,,,,,,,,,,,,,,,,,,,,,,,,,,,,,,,,,,,,,,,,,,,,,,,,,,,,
PL001V1M,Mountain High Collie & Sheltie Rescue,1875 South Ammons St.,80232,Jefferson County,4,3,,10,,,3,,10,,,,,,,,,3,3,30,,,,,,,,,,,,,,,,,,,,,,,,,,,,,,,,,,,,,,,,,,,,,,,,,,,,,,,,,,,,,,,,,,,,,,,,,,,,,,,,,,,,,,,,,,,,,,,,,,,,,,,,,,,,,,,,,,,,,,,,,,,,,,,,,,,,,,,,,,,,,,,,,,,,,,,,,,,,,,,,,
PL0021U3,LIFE IS BETTER RESCUE,3535 SOUTH ALLISON STREET,80235,Jefferson County,9,9,3,13,,41,146,,200,,3,,,,,3,,6,6,30,22,22,11,6,,17,160,,214,,,,,1,,,,1,1,29,6,4,5,11,,64,9,,71,,1,,4,2,,,,18,6,54,15,7,65,4,,448,15,,405,,10,,,99,,6,,27,11,44,,,1,,,8,,,9,,,,,,,,,,,3,,,,5,,1,,,6,,,,,,,,,,,12,,,,,,,,,,,,,,,,,,,,,,,2,,,9,,,8,,,,,,,,,3,3,31,,,,,,,24,,,24,,,,,,,,,,,
PL0026YA,HomeComings Dog Rescue,401 Saulsbury St.,80226,Jefferson County,180,180,,,,,180,,180,,,,,,,,,180,180,12,39,39,,,,,39,,39,,,,,,,,,39,39,8,,,,,,,,,,,,,,,,,,,,,,,,,,,,,,,,,,,,,,,,,,,,,,,,,,,,,,,,,,,,,,,,,,,,,,,,,,,,,,,,,,,,,,,,,,,,,,,,,,,,,,,,,,,,,,,,,,,,,,,,,,,,,,,,,,,,,,,,,,,,,
PL00274T,iResQ RR,28000 Meadow Dr,80439,Jefferson County,,1,,,,15,197,,199,,8,,,,,,,,6,15,,,,,,2,475,,428,,26,,,12,3,3,,,5,9,,,,,,,36,3,15,,20,,3,,,,,,1,11,,,,,,5,37,,29,,13,,,,,,,,,7,,,,,,,,,,,,,,,,,,,,,,,,,,,,,,,,,,,,,,,,,,,,,,,,,,,,,,,,,,,,,,,,,,,,,,,,,,,,,,,,,,,,,,,,,,,,,,,,,,,,,
PL002GUD,4 Paws 4 Life Rescue,8290 W. Coal Mine Avenue,80123,Jefferson County,,21,,11,,33,1079,,1096,,,20,,2,,,,,26,14,,39,,14,,14,1330,,1365,,,,,17,,,,,15,7,,,,,,9,,,5,,,,,,1,,,,3,28,,,2,,,,35,,37,,,,,,,,,,,14,,,,,,,,,,,,,,,,,,,,,,,,,,,,,,,,,,,,,,,,,,,,,,,,,,,,,,,,,,,,,,,,,,,,,,,,,,,,,,,,,,,,,,,,,,,,,,,,,,,,,
PL002LLD,Community Cats of Colorado,2043 Eaton Street,80214,Jefferson County,,,,,,,,,,,,,,,,,,,,,,,,,,,,,,,,,,,,,,,,,,3,10,19,,89,2,24,121,,12,,4,1,,1,,,9,43.6,,5,13,4,,120,2,42,154,,3,,,17,,3,,,8,53.2,,,,,,,,,,,,,,,,,,,,,,,,,,,,,,,,,,,,,,,,,,,,,,,,,,,,,,,,,,,,,,,,,,,,,,,,,,,,,,,,,,,,,,,,,,,,,,,,,,,,,
PL001P0G,Town of Eads Dog Shelter,15103 US HWY 287,81036,Kiowa County,,,2,,,,,,,,2,,,,,,,2,,6,,,,,,,,,,,,,,,,,,,,,,,,,,,,,,,,,,,,,,,,,,,,,,,,,,,,,,,,,,,,,,,,,,,,,,,,,,,,,,,,,,,,,,,,,,,,,,,,,,,,,,,,,,,,,,,,,,,,,,,,,,,,,,,,,,,,,,,,,,,,,,,,,,,,,,,,,,,,,,,,,
PL000AUJ,City of Burlington Animal Shelter,415 15th,80807,Kit Carson County,,,19,,3,8,,,19,66,8,,,1,,,2,96,,5,,,,,,,,,,,,,,,,,,,,,,,,,,,,,,,,,,,,,,,,,,,,,,,,,,,,,,,,,,,,,,,,,,,,,,,,,,,,,,,,,,,,,,,,,,,,,,,,,,,,,,,,,,,,,,,,,,,,,,,,,,,,,,,,,,,,,,,,,,,,,,,,,,,,,,,,,,,,,,,,,
PL000060,La Plata County Humane Society,1111 S Camino Del Rio,81303,La Plata County,29,,614,235,95,28,180,59,557,465,44,,,1,,19,95,56,,12,23,,150,109,,34,110,19,346,48,20,,,4,,9,,31,,14,38,,235,137,43,,47,,346,57,2,,,7,,19,43,45,,19,50,10,374,195,3,47,100,15,632,18,13,,,45,,26,3,42,12,25,,,,,,,,,,,,,,,,,,,,,,,,15,,,,,15,,,,,,,,,,,,,,,,,,,,,,,,,,,,,,,,,,,12,,,,,12,,,,,,,,,,,14,,,,,,,,,,,,,,,,,,,,,
PL000G65,Annie's Orphans,1630 CR 214,81303,La Plata County,50,,,26,,,11,,18,,2,,20,2,,,,58,,118,,,,9,,,,,2,,,,,,,,,7,,53,,,,,,,,,,,,,,,,,,,,,,,,,,,,,,,,,,,,,,,,,,,,,,,,,,,,,,,,,,,,,,,,,,,,,,,,,,,,,,,,,,,,,,,,,,,,,,,,,,,,,,,,,,,,,,,,,,,,,,,,,,,,,,,,,,,,,,,,,,,,,
PL000HN4,WolfWood,4352 CR 318,81137,La Plata County,62,,,1,,,2,,1,,,,,5,,2,,57,,,,,,,,,,,,,,,,,,,,,,,,,,,,,,,,,,,,,,,,,,,,,,,,,,,,,,,,,,,,,,,,,,,,,,,,,,,,,,,,,,,,,,,,,,,,,,,,,,,,,,,,,,,,,,,,,,,,,,,,,,,,,,,,,,,,,,,,,,,,,,,,,,,,,,,,,,,,,,,,,,,
PL000JQV,Leadville/Lake Co Animal Shelter,428 E12th street,80461,Lake County,9,,168,19,,1,,2,40,118,14,,,,,2,,5,,14,,,6,,,,,,6,,,,,,,,,,,1,4,,45,3,,,,,21,4,9,,,,,3,4,4,,6,,,4,,,,,,3,,,,,,,,,,,3,,,,,,,,,,,,,,,,,,,,,,,,,,,,,,,,,,,,,,,,,,,,,,,,,,,,,,,,,,,,,,,,,,,,,,,,,,,,,,,,,,,,,,,,,,,,,,,,,,,,,
PL00007Y,Larimer Humane Society,6317 Kyle Ave,80525,Larimer County,30,1,1566,616,153,67,24,261,961,1337,60,4,12,1,,167,153,20,3,5.95,1,1,16,10,,8,26,23,52,22,,,,,,1,,1,9,5.67,47,1,768,609,102,33,33,104,995,208,111,,11,3,2,218,102,47,,14.6,3,9,330,70,2,22,50,18,414,3,14,,,23,,36,2,5,7,8.29,4,,44,115,1,,,24,136,25,9,,,6,,9,1,2,,13.97,4,,43,233,12,,,20,245,3,9,,,4,,36,12,3,,18.57,,,13,15,,,,3,21,2,,,,1,,2,,5,,18.44,2,,35,57,4,3,,11,79,10,,,,2,,9,4,7,1,14.52,6,,,11,17,,,,4,21,8,1,,,7,,1,,,,13.85
PL0006XU,Dalmatian Rescue of Colorado,6828 Rim Rock Valley Lane,80526,Larimer County,,15,,3,,10,10,,73,,,,,1,,,,,19,60,,,,,,,10,,10,,,,,,,,,,,21,,,,,,,,,,,,,,,,,,,,,,,,,,,,,,,,,,,,,,,,,,,,,,,,,,,,,,,,,,,,,,,,,,,,,,,,,,,,,,,,,,,,,,,,,,,,,,,,,,,,,,,,,,,,,,,,,,,,,,,,,,,,,,,,,,,,,,,,,,,,,
PL000V1V,Animal House Rescue,1104 West Vine Drive,80521,Larimer County,18,20,2,2,,146,342,,593,,2,3,,,,2,,14,24,23.7,,1,,,,59,130,,190,,,,,2,,,,,3,14.3,,,,,,,,,,,,,,,,,,,,,,,,,,,,,,,,,,,,,,,,,,,,,,,,,,,,,,,,,,,,,,,,,,,,,,,,,,,,,,,,,,,,,,,,,,,,,,,,,,,,,,,,,,,,,,,,,,,,,,,,,,,,,,,,,,,,,,,,,,,,,
PL000HM6,Pet Association of Estes Park Inc,PO Box 4342,80517,Larimer County,1,,,34,,,,,29,1,,,,,,2,,2,,15.56,,,,,,,,,,,,,,,,,,,,,8,,,45,,,,,35,,,,,,,3,,7,,16.68,,,,7,,,,,6,,,,,1,,,,,,19.86,,,,,,,,,,,,,,,,,,,,,,,,,,,,,,,,,,,,,,,,,,,,,,,,,,,,,,,,,,,,,,,,,,,,,,,,,,,,,,,,,,,,,,,,,,,,,,,,,,,,,
PL000PZS,"Estes Park Pet Lodge,inc",1260 Manford Ave.,80517,Larimer County,1,,42,,,,,3,,38,8,,,,,,,,,2.28,,,,,,,,,,,,,,,,,,,,,,,9,,,,,,,6,3,,,,,,,,,5.11,,,,,,,,,,,,,,,,,,,,,,,,,,,,,,,,,,,,,,,,,,,,,,,,,,,,,,,,,,,,,,,,,,,,,,,,,,,,,,,,,,,,,,,,,,,,,,,,,,,,,,,,,,,,,,,,,,,,,,,,,
PL000Y1H,Fort Collins Cat Rescue & Spay/Neuter Clinic,2321 East Mulberry Street #1,80524,Larimer County,,,,,,,,,,,,,,,,,,,,,,,,,,,,,,,,,,,,,,,,,50,64,191,373,,186,303,28,1225,20,17,,,4,,20,,66,90,35.9,2,61,331,291,,209,471,5,999,,,,,30,,23,,1,70,31.6,,,,,,,,,,,,,,,,,,,,,,,,,,,,,,,,,,,,,,,,,,,,,,,,,,,,,,,,,,,,,,,,,,,,,,,,,,,,,,,,,,,,,,,,,,,,,,,,,,,,,
PL00131Q,COLORADO WYOMING VIZSLA RESCUE GROUP,114 Summitview Drive,80524,Larimer County,,11,1,27,,,5,,30,,,,,,,1,,,13,29,,,1,2,,,,,3,,,,,,,,,,,60,,,,,,,,,,,,,,,,,,,,,,,,,,,,,,,,,,,,,,,,,,,,,,,,,,,,,,,,,,,,,,,,,,,,,,,,,,,,,,,,,,,,,,,,,,,,,,,,,,,,,,,,,,,,,,,,,,,,,,,,,,,,,,,,,,,,,,,,,,,,,
PL001EJG,Colorado Saint Bernard Rescue,3466 E County Road 20 Unit B-19,80537,Larimer County,,25,,18,,13,13,11,40,,,,,11,,,,,29,182.5,,,,,,,,,,,,,,,,,,,,,,,,,,,,,,,,,,,,,,,,,,,,,,,,,,,,,,,,,,,,,,,,,,,,,,,,,,,,,,,,,,,,,,,,,,,,,,,,,,,,,,,,,,,,,,,,,,,,,,,,,,,,,,,,,,,,,,,,,,,,,,,,,,,,,,,,,,,,,,,,,
PL001GFE,Doggie Designs/shelter,6508 s lunar ct,80525,Larimer County,20,,,,,,,,,,,,,6,,,,14,,365,,,,,,,,,,,,,,,,,,,,,,,,,,,,,,,,,,,,,,,,,,,,,,,,,,,,,,,,,,,,,,,,,,,,,,,,,,,,,,,,,,,,,,,,,,,,,,,,,,,,,,,,,,,,,,,,,,,,,,,,,,,,,,,,,,,,,,,,,,,,,,,,,,,,,,,,,,,,,,,,,
PL001VGS,Happy Landings Animal Rescue,2303 Strawfork Dr.,80525,Larimer County,5,3,3,3,,,52,,58,3,,,,,,,,2,,24,,,,,,,9,,8,,,,,,,,,1,,28,,,,,,,,,,,,,,,,,,,,,,,,,,,,,,,,,,,,,,,,,,,,,,,,,,,,,,,,,,,,,,,,,,,,,,,,,,,,,,,,,,,,,,,,,,,,,,,,,,,,,,,,,,,,,,,,,,,,,,,,,,,,,,,,,,,,,,,,,,,,,
PL00283T,Toby Darwin Foundation,626 North Hollywood St.,80521,Larimer County,5,5,,,,,36,,31,,5,,,,,1,,4,4,14,,,,,,,22,,22,,,,,,,,,,,14,,,,1,,,,,,,1,,,,,,,,,1,,,,11,,,,,1,,10,,,,,,,,,1,,,,,,,,,,,,,,,,,,,,,,,,,,,,,,,,,,,,,,,,,,,,,,,,,,,,,,,,,,,,,,,,,,,,,,,,,,,,,,,,,,,,,,,,,,,,,,,,,,,,,
PL000M6L,Noah's Ark Animal Welfare Association,224 North Chestnut,81082,Las Animas County,29,,361,160,,14,345,49,254,227,391,10,,2,1,61,,11,1,9,,,42,125,,,233,4,199,5,188,1,,1,,5,,5,,9,18,,174,121,,,4,19,248,9,54,,,3,2,7,,13,,20,,,124,176,,,1,2,157,2,97,,,35,,10,,2,,20,,,1,4,,,,,4,,,,,1,,,,,,3,,,,1,,,,,1,,,,,,,,,,,1,,,,,,,,,,,,,,,,,,,,,,,,,,,,,,,,,,,,,,,,,,,,,,,,,,,,,,,,,,,,,
PL001558,Breeder Release Adoption Service,18500 CR 47.7,81024,Las Animas County,53,20,,,,60,247,,376,,,,,8,,,,37,20,75,,,,,,,,,,,,,,,,,,,,,,,,,,,,,,,,,,,,,,,,,,,,,,,,,,,,,,,,,,,,,,,,,,,,,,,,,,,,,,,,,,,,,,,,,,,,,,,,,,,,,,,,,,,,,,,,,,,,,,,,,,,,,,,,,,,,,,,,,,,,,,,,,,,,,,,,,,,,,,,,,
PL0002H4,Town of Limon Animal Shelter,701 Indiana,CO,Lincoln County,,,29,,,,,9,5,33,,,,,,,,,,2.2,,,,,,,,2,,2,,,,,,,,,,2.2,,,,,,,,,,,,,,,,,,,,,,,,,,,,,,,,,,,,,,,,,,,,,,,,,,,,,,,,,,,,,,,,,,,,,,,,,,,,,,,,,,,,,,,,,,,,,,,,,,,,,,,,,,,,,,,,,,,,,,,,,,,,,,,,,,,,,,,,,,,,,
PL000QAZ,Logan County Humane Society,2250 Leisure Lane,80751,Logan County,13,1,166,26,5,,,73,19,162,76,,,,,5,5,14,4,32,,,18,7,,,,,2,6,11,,,3,,,,,,23,7,1,55,16,1,,,70,7,4,51,,69,3,,10,1,5,2,17,2,,89,18,,,,9,3,,73,,8,14,,4,,8,8,13,,,,,,,,,,,,,,,,,,,,,,,,4,,,,,4,,,,,,,,,,,6,,,,,,,,,,,,,,,,,,,,,,,,,,,,,,,,,,,,,,,,,,,,,,,,,,,,,,,,,,,,,
PL000R56,GRAND RIVERS HUMANE SOCIETY,831 COLORADO AVE,81501,Mesa County,,,,,,96,,,96,,,,,,,,,,,1,,,,,,6,,,6,,,,,,,,,,,1,,,,13,,16,,,29,,,,,,,,,,,12,,,,32,,83,,,114,,,,,1,,,,,,10,,,,,,,,,,,,,,,,,,,,,,,,,,,,,,,,,,,,,,,,,,,,,,,,,,,,,,,,,,,,,,,,,,,,,,,,,,,,,,,,,,,,,,,,,,,,,,,,,,,,,
PL000ZAW,Loma Cat House inc,774 23 Rd,81505,Mesa County,,,,,,,,,,,,,,,,,,,,,,,,,,,,,,,,,,,,,,,,,72,26,15,9,,,,,8,,,,,2,3,,,74,22,360,,,62,22,,,,,84,,,,,,,,,,,42,,,,,,,,,,,,,,,,,,,,,,,,,,,,,,,,,,,,,,,,,,,,,,,,,,,,,,,,,,,,,,,,,,,,,,,,,,,,,,,,,,,,,,,,,,,,,,,,,,,,,
PL0012LP,CLAWS Rescue and Adoption Center,"2214 Sanford Drive, Unit A-5",81505,Mesa County,,,,,,,,,,,,,,,,,,,,,,,,,,,,,,,,,,,,,,,,,109,21,82,247,,2,,53,306,2,,,8,61,4,9,,118,6,162,21,47,333,142,,,,29,434,,,,15,28,3,2,,8,49,82,,,,,,,,,,,,,,,,,,,,,,,,,,,,,,,,,,,,,,,,,,,,,,,,,,,,,,,,,,,,,,,,,,,,,,,,,,,,,,,,,,,,,,,,,,,,,,,,,,,,,
PL0016Q0,Mesa County Animal Services,971 Coffman Road #A,81527,Mesa County,58,,1371,304,109,76,,,151,909,438,,,4,2,225,109,55,,12.6,,,91,29,,8,,,25,28,48,,,1,,2,,11,,13.3,,,,9,36,2,,148,8,22,27,,,4,,96,36,2,,7.3,3,,,9,7,7,,117,12,,79,,,3,,32,7,5,4,16.4,,,1,,,,,3,1,,1,,,,,1,,,,8.9,1,,,,,,,8,,,1,,3,,,4,,,,0.5,,,,,,,,2,1,1,,,,,,,,,,3.4,,,,2,,,,,2,,,,,,,,,,,23.8,,,,,,,,,7,2,2,,,,,,3,,,,17.7
PL001DGQ,Roice Hurst Humane Society,362 28 Rd.,81501,Mesa County,27,6,,87,,80,138,93,387,3,1,7,,,,,,33,,11.6,2,,5,45,,10,19,16,98,,,1,,1,,,,4,,12.5,20,2,26,58,,2,3,17,106,2,,1,,2,,,,16,,23.1,13,,195,81,,3,6,19,289,6,,,,5,,,,17,5,25.5,,,,,,,,,,,,,,,,,,,,,,,,,,,,,,,,,,,,,,,,,,,,,,,,,,,,,,,,,,,,,,,,,,,,,,,,,,,,,,,,,,,,,,,,,,,,,,,,,,,,,
PL0027E7,Graceland Animal Rescue,361 Rosevale Road,81507,Mesa County,10,6,,16,,29,34,5,76,,,,,,,,,8,5,34,10,10,,,,8,,,10,,,,,,,,,,,10,,,,,,,,,,,,,,,,,,,,,,,,,,,,,,,,,,,,,,,,,,,,,,,,,,,,,,,,,,,,,,,,,,,,,,,,,,,,,,,,,,,,,,,,,,,,,,,,,,,,,,,,,,,,,,,,,,,,,,,,,,,,,,,,,,,,,,,,,,,,,
PL002EBN,Rescuing Unwanted Furry Friends Sanctuary,626 Livvy Ct,81520,Mesa County,,,,10,,1,27,,27,,5,1,,,2,,,3,3,30,,,,7,,4,16,,14,,,,,1,,,,12,12,25,,,3,9,,,,,6,,,,,,1,1,,4,4,30,,,20,14,,,4,,27,,,,,2,,,,9,9,47,,,,,,,,,,,,,,,,,,,,,,,,,,,,,,,,,,,,,,,,,,,,,,,,,,,,,,,,,,,,,,,,,,,,,,,,,,,,,,,,,,,,,,,,,,,,,,,,,,,,,
PL0005YW,Bear Creek Animal Hospital,2430 East Victory Way,81625,Moffat County,14,,225,22,,,,,42,177,25,,,,,1,,1,,14,,,15,10,,2,,,22,4,2,,,,,,,,,14,12,,86,9,,,,,28,6,40,,,,,20,,7,,24,,,42,19,,,,,48,2,31,,,,,14,,,,24,,,,,,,,,,,,,,,,,,,,,,,,,,,,,,,,,,,,,,,,,,,,,,,,,,,,,,,,,,,,,,,2,,,,,,2,,,,,,,,,,,5,,,,,,,,,,,,,,,,,,,,,
PL000GCU,Dave and Mary Jackson,11356 Rd. 25.4,81321,Montezuma County,61,,1,,,,,,1,,,,,10,,,,51,,7,,,,,,,,,,,,,,,,,,,,,,,,,,,,,,,,,,,,,,,,,,,,,,,,,,,,,,,,,,,,,,,,,,,,,,,,,,,,,,,,,,,,,,,,,,,,,,,,,,,,,,,,,,,,,,,,,,,,,,,,,,,,,,,,,,,,,,,,,,,,,,,,,,,,,,,,,,,,,,,,,
PL000M2U,City of Cortez Animal Shelter,2791 E Main St,81321,Montezuma County,17,,306,178,,1,,,106,209,75,,,,,95,,8,,10,,,39,157,,2,,,50,6,116,,,2,,24,,12,,14,21,,82,138,,,,,76,11,42,,,,,91,,4,,21,1,,93,347,,,,,161,1,110,,,2,,166,,1,,24,,,1,,,,,,,,1,,,,,,,,,1,,,5,,,,,,,,,,,,,5,,,,1,,,,,,,,,,,,,,,,,,,,,,,11,,,,,,10,,,,,,,1,,,,1,,,,6,1,,,,,5,,,,,,,2,,,,1
PL000WYX,For Pets' Sake Humane Society,19630 Rd. G,81321,Montezuma County,,,,,,,,,,,,,,,,,,,,,,,2,,,,,,2,,,,,,,,,,,58,,9,3,14,,,,287,5,1,20,,272,,,1,,,14,17,,,,,,,,92,,,92,,,,,,,,,1,,,,,,,,,,,,,,,,,,,,,,,,,,,,,,,,,,,,,,,,,,,,,,,,,,,,,,,,,,,,,,,,,,,,,,,,,,,,,,,,,,,,,,,,,,,,,,,,,,,,,
PL0017CK,running dog ranch,15304 Road 30,81323,Montezuma County,,,,,,,,,,,,,,,,,,,,,,37,20,15,,1,1,1,2,,33,,,1,,1,,,,10,,,,,,,,,,,,,,,,,,,,,,,,,,,,,,,,,,,,,,,,,,,,,,,,,,,,,,,,,,,,,,,,,,,,,,,,,,,,,,,,,,,,,,,,,,,,,,,,,,,,,,,,,,,,,,,,,,,,,,,,,,,,,,,,,,,,,,,,,,,,,
PL00029L,City of Montrose Animal Shelter,3383 North Townsend Avenue,81401,Montrose County,16,,409,60,,3,,31,186,283,22,2,,,1,17,,8,,49,,,16,3,,,,1,8,6,4,,,,1,,,1,,12,5,,196,35,,,,6,118,21,51,,,,,42,,10,,14,,,107,14,,,,3,87,1,13,,,4,,14,,5,,28,,,,,,,,,,,,,,,,,,,,,,,3,,,,,,3,,,,,,,,,,,12,,,,,,,,,,,,,,,,,,,,,,,7,,,,,,5,1,,,,,,,,1,,16,,,,,,,,,,,,,,,,,,,,,
PL000QKF,Town of Naturita Animal Shelter,26410 EE 26 Road,81422,Montrose County,,,,,,,,,,,,,,,,,,,,,,,,,,,,,,,,,,,,,,,,,,,,,,,,,,,,,,,,,,,,,,,,,,,,,,,,,,,,,,,,,,,,,,,,,,,,,,,,,,,,,,,,,,,,,,,,,,,,,,,,,,,,,,,,,,,,,,,,,,,,,,,,,,,,,,,,,,,,,,,,,,,,,,,,,,,,,,,,,,,,,
PL0013MH,HOOF AND PAW (WEST END ANIMAL ASSIST,606 Cascade Circle,81422,Montrose County,,,22,2,,,,,3,17,4,,,,,,,,,15,,,8,5,,,,,8,2,3,,,,,,,,,10,,,7,4,,,,,3,,7,,,,,,,1,1,35,3,3,33,9,,,3,,15,,19,,,3,1,1,,4,4,20,,,,,,,,,,,,,,,,,,,,,,,,,,,,,,,,,,,,,,,,,,,,,,,,,,,,,,,,,,,,,,,,,,,,,,,,,,,,,,,,,,,,1,5,,,,,2,1,2,,,1,,,,,,30
PL0026VG,Voices of the Wild Foundation,60169 La Salle Road,81403,Montrose County,22,,,,,,,,,,,,,2,,,,20,,365,,,,,,,,,,,,,,,,,,,,,,,,,,,,,,,,,,,,,,,,,,,,,,,,,,,,,,,,,,,,,,,,,,,,,,,,,,,,,,,,,,,,,,,,,,,,,,,,,,,,,,,,,,,,,,,,,,,,,,,,,,,,,,,,,,,,,,,,,,,,,,,,,,,,,,,,,,,,,,,,,
PL000ADD,City of Brush Animal Shelter,20503 County Road 28,80723,Morgan County,,,165,,,,,,14,113,31,,,1,1,4,,1,,3.6,,,21,,,,,,2,13,5,,,,,1,,,,3.6,,,79,,,,,,2,9,30,,,3,,35,,,,3.5,,,59,,,,,,1,2,51,,,4,,1,,,,3.3,,,,,,,,,,,,,,,,,,,,,,,,,,,,,,,,,,,,,,,,,,,,,,,,,,,,,,,,,,,,,,,2,,,,,,,2,,,,,,,,,,4,,,,,,,,,,,,,,,,,,,,,
PL00122S,Fort Morgan Humane Society,900 East Railroad P.O. Box 24,80701,Morgan County,5,,485,8,,25,,12,162,290,70,,,1,,5,,14,,17.2,,,17,,,9,,,15,2,1,,,,,1,,,,15,25,,172,5,,1,,2,136,18,49,,,,,1,,17,,32.5,,,73,,,,,,26,1,24,,,6,,,,,,23.9,,,,,,,,,,,,,,,,,,,,,,,11,,,,,,6,3,2,,,,,,,,,7.2,,,,,,,,,,,,,,,,,,,,,,,,,,,,,,,,,,,,,,,,,,,,,,,,,,,,,,,,,,,,,
PL001BIT,german shepherd rescue of the rockies,20518 highway 52,80701,Morgan County,,15,,13,,6,9,,28,,1,,,,,,,,10,30,,,,,,,,,,,,,,,,,,,,,,,,,,,,,,,,,,,,,,,,,,,,,,,,,,,,,,,,,,,,,,,,,,,,,,,,,,,,,,,,,,,,,,,,,,,,,,,,,,,,,,,,,,,,,,,,,,,,,,,,,,,,,,,,,,,,,,,,,,,,,,,,,,,,,,,,,,,,,,,,,
PL0000FG,City of Rocky Ford Animal Shelter,203 South 9th Street,81067,Otero County,,,318,9,,,,22,41,116,187,,,,,5,,,,4,,,17,81,,,,,33,6,59,,,,,,,,,3,,,,,,,,,,,,,,,,,,,,,,,,,,,,,,,,,,,,,,,,,,,,,,,,,,,,,,,,,,,,,,,,,,,,,,,,,,,,,,,,,,,,,,,,,,,,,,,,,,,,,,,,,,,,,,,,,,,,,,,,,,,,,,,,,,,,,,,,,,,,,
PL0006BZ,CITY OF LA JUNTA ANIMAL SHELTER,30227 6th Ave,81050,Otero County,3,,312,,,,,,,128,172,,,,,9,,3,,7,,,,,,,,,,,,,,,,,,,,,,,,,,,,,,,,,,,,,,,,,,,,,,,,,,,,,,,,,,,,,,,,,,,,,,,,,,,,,,,,,,,,,,,,,,,,,,,,,,,,,,,,,,,,,,,,,,,,,,,,,,,,,,,,,,,,,,,,,,,,,,,,,,,,,,,,,,,,,,,,,
PL000HXK,Peak View Animal Hospital,1050 CR JJ,81039,Otero County,,,6,1,,,,,1,2,4,,,,,,,,,5,,,,,,,,,,,,,,,,,,,,5,,,,1,,,,,1,,,,,,,,,,,5,,,1,1,,,,,2,,,,,,,,,,,5,,,,,,,,,,,,,,,,,,,,5,,,,,,,,,,,,,,,,,,,,5,,,,,,,,,,,,,,,,,,,,5,,,,,,,,,,,,,,,,,,,,5,,,,,,,,,,,,,,,,,,,,,5
PL001F9W,SECOND CHANCE HUMANE SOCIETY,177 COUNTY RD 10,81432,Ouray County,17,,87,35,,48,25,2,142,55,3,,,2,,3,,9,,30,1,,8,6,,35,3,,49,,1,,,1,,,,2,,,28,,51,26,,3,,,57,5,,,,3,,,,43,,70,5,,53,8,,12,,,67,,,,,7,,1,,3,,70,,,,,,,,,,,,,,,,,,,,,,,,,,,,,,,,,,,,,,,,,,,,,,,,,,,,,,,,,,,,,,,,,,,,,,,,,,,,,,,,,,,,,,,,,,,,,,,,,,,,,
PL000694,Intermountain Humane Society,67318 US Hwy 285,80470,Park County,16,,28,19,,89,57,,182,11,9,,,,,1,,12,3,8,,,,,,20,13,,33,,,,,,,,,,6,3,31,3,39,22,,138,63,,262,20,1,,,,,2,,33,7,18,,,36,,,73,39,,149,,,,,,,,,,,7,,,,,,,,,,,,,,,,,,,,,,,,,,,,,,,,,,,,,,,,,,,,,,,,,,,,,,,,,,,,,,,,,,,,,,,,,,,,,,,,,,,,,,,,,,,,,,,,,,,,,
PL0008HD,County of Park Animal Shelter,59815 US HWY 285,80421,Park County,77,,77,,,,,,,66,8,,77,1,,1,1,77,,3,1,,1,,,,,,,,,,,1,,,,1,,,7,,7,,,,,,2,,2,,,,,5,,7,,5,1,,1,,,,,,1,,1,,,,,,,1,,5,1,,,1,,,,,1,,,,,,,,,1,,5,,,,,,,,,,,,,,,,,,,,,6,,,6,,,,,6,,,,,,,,,6,,5,,,,,,,,,,,,,,,,,,,,,1,,,,1,,,,,1,,,,,,,,,1,,5
PL000KRP,"Indigo Mountain Nature Center, Inc.",1321 CR 370,80827,Park County,36,,,4,,,,,,,,,,3,,1,,36,,336,,,,,,,,,,,,,,,,,,,,,5,,,,,,,,,,,,,,,,,5,,365,,,,,,,,,,,,,,,,,,,,,,,,,,,,,,,,,,,,,,,,,11,,,,,,1,,4,,,,,3,,,,5,,300,,,,,,,,,,,,,,,,,,,,,,,,,,,,,,,,,,,,,,,,,,,,,,,,,,,,,,,,,,,,,
PL0010TH,German Shepherd Rescue Of Central Colorado,2660 Campfire Rd,80449,Park County,1,,,13,,,,,13,,,,,,,,,1,,45,,,,,,,,,,,,,,,,,,,,,,,,,,,,,,,,,,,,,,,,,,,,,,,,,,,,,,,,,,,,,,,,,,,,,,,,,,,,,,,,,,,,,,,,,,,,,,,,,,,,,,,,,,,,,,,,,,,,,,,,,,,,,,,,,,,,,,,,,,,,,,,,,,,,,,,,,,,,,,,,,
PL002BCY,Lions Head Pet Center,2047 Mt. Evans Blvd,80470,Park County,19,,,3,,,,,1,,,,,,,,,21,,365,,,,,,,,,,,,,,,,,,,,,2,,,,,,,,,,,,,,,,,2,,365,,,,,,,,,,,,,,,,,,,,,,,,,,,,,,,,,,,,,,,,,,,,,,,,,,,,,,,,,,,,,1,,,,,,,,,,,,,,,,,1,,365,,,,,,,,,,,,,,,,,,,,,,,,,,,,,,,,,,,,,,,,,
PL000SL5,Aspen Boarding Kennel & Animal Shelter,101 Animal Shelter Road Unit 1,81611,Pitkin County,10,,107,50,,8,11,4,75,108,,,,1,,1,,12,,25,,,,10,,2,99,,110,,,,,,,,,,,25,16,,27,24,,1,2,,38,18,,,,,,,,8,,34,,,3,2,,,16,,20,1,,,,,,,,,,34,1,,,,,,,,1,,,,,,,,,,,35,,,1,,,,,,,,1,,,,,,,,,1,,,,,,,,,,,,,,,,,,,,,,,1,,,,,,,,1,,,,,,,,,1,,,,,,,,,,,,,,,,,,,,,
PL001F37,Lucky Day Animal Rescue of Colorado,75 Bus Barn Lane,81611,Pitkin County,,6,3,20,,9,42,,73,2,,1,,,,,,,4,28,,,,,,4,3,,7,,,,,,,,,,1,35,,,1,,,,,,1,,,,,,,,,,,5,,,,,,,,,,,,,,,,,,,,,,,,,,,,,,,,,,,,,,,,,,,,,,,,,,,,,,,,,,,,,,,,,,,,,,,,,,,,,,,,,,,,,,,,,,,,,,,,,,,,,,,,,,,,,,,,,,,,,,,,,
PL00008W,City of Lamar Animal Shelter,8551 County Rd. EE.5,81052,Prowers County,7,,338,18,,,,22,64,241,66,,,,,6,,378,,12,,,,,,,,,,,,,,,,,,,,,,,,,,,,,,,,,,,,,,,,,,,,,,,,,,,,,,,,,,,,,,,,,,,,,,,,,,,,,,,,,,,,,,,,,,,,,,,,,,,,,,,,,,,,,,,,,,,,,,,,,,,,,,,,,,,,,,,,,,,,,,,,,,,,,,,,,,,,,,,,,
PL000QP7,Second Chance Animal Rescue Foundation,4852 County Road HH,81052,Prowers County,3,3,10,71,,48,,5,37,3,95,,,,,,1,1,1,35,4,4,12,153,,9,,4,84,1,92,,,1,,,,4,4,20,,,4,19,,,,,4,,19,,,,,,,,,45,,,8,30,,,,,8,,30,,,,,,,,,38,,,,,,,,,,,,,,,,,,,,,,,,,,,,,,,,,,,,,,,,,,,,,,,,,,,,,,,,,,,,,,,,,,,,,,,,,,,,,,,,,,,,,,,,,,,,,,,,,,,,,
PL000UCD,Lamar Animal Sanctuary Team,6950 US Hwy 50,81052,Prowers County,29,,16,33,,15,,3,30,3,30,,,,,,,33,,,,,,5,,,,,5,,,,,,,,,,,,12,,8,6,,15,,,,,15,,,,,,,11,,,,,5,15,,,,,1,,5,,,3,,,,11,,90,,,,,,,,,,,,,,,,,,,,,,,,,,,,,,,,,,,,,,,,,,,,,,,,,,,,,,,,,,,,,,,,,,,,,,,,,,,,,,,,,,,,,,,,,,,,,,,,,,,,,
PL00009U,Paws For Life,800 N Pueblo Blvd,81003,Pueblo County,28,1,205,333,,9,12,,460,70,8,,,1,1,,,45,2,25.23,6,,8,35,,,,,49,,,,,,,,,,,17.12,35,,2,100,,,,,95,2,6,,,1,1,2,,30,,100.75,1,,5,32,,,,,32,,,,,6,,,,,,44.55,,,,,,,,,,,,,,,,,,,,,,,,,,,,,,,,,,,,,,,,,,,,,,,,,,,,,,,,,,,,,,,,,,,,,,,,,,,,,,,,,,,,,,,,,,,,,,,,,,,,,
PL000JPX,pet project,489 s ferncliff dr,81007,Pueblo County,,,,,,,,,,,,,,,,,,,,,,,,,,,,,,,,,,,,,,,,,32,,9,33,,223,34,191,486,3,1,,182,,2,5,,25,,22,27,7,15,78,,268,67,106,421,,,,86,12,,5,,44,,35,,,,,,,,,,,,,,,,,,,,,,,,,,,,,,,,,,,,,,,,,,,,,,,,,,,,,,,,,,,,,,,,,,,,,,,,,,,,,,,,,,,,,,,,,,,,,,,,,,,,,
PL000L6Q,Rocky Mountain Collie and Sheltie Rescue Inc.,234 S. Hacienda Del Sol Dr.,81007,Pueblo County,,17,,13,,16,5,16,49,,,,,3,,1,,,14,72,,,,,,,,,,,,,,,,,,,,,,,,,,,,,,,,,,,,,,,,,,,,,,,,,,,,,,,,,,,,,,,,,,,,,,,,,,,,,,,,,,,,,,,,,,,,,,,,,,,,,,,,,,,,,,,,,,,,,,,,,,,,,,,,,,,,,,,,,,,,,,,,,,,,,,,,,,,,,,,,,
PL000WE0,pueblo animal services,4600 eagleridge place,81008,Pueblo County,48,,2126,236,341,58,3,206,559,1207,105,2,,14,1,746,341,41,1,7,11,,170,83,,47,,29,184,46,60,,,6,,43,,1,1,9,22,3,689,220,112,24,,1045,271,54,167,,1147,27,,331,111,13,1,7,8,7,605,154,37,9,,232,195,9,261,1,223,23,,287,37,4,5,8.5,,,1,,,,,,1,,,,,,,,,,,7,,,7,,7,,,,2,,3,,,,,2,7,,,2,,,3,,,,,3,,2,4,,,,,,,,,9,,,15,,,,,1,5,1,5,,,,,3,,2,,9.5,,,,10,,,,,,8,2,,,,,,,,,,10.5
PL000YCW,Southern Colorado Spay and Neuter Association,1700 S Prairie Ave,81005,Pueblo County,12,,17,15,,,1,0,35,2,,,,,,,,8,,26,,,3,7,,,,,8,,,,,2,,,,,,12,36,,93,70,,13,3,,172,,,,,12,,,,31,,16,25,,168,46,,25,,,214,,,,,26,,,,24,,14,,,,,,,,,,,,,,,,,,,,,,,,,,,,,,,,,,,,,,,,,,,,,,,,,,,,,,,,,,,,,,,,,,,,,,,,,,,,,,,,,,,,,,,,,,,,,,,,,,,,,
PL0006Q7,Town Of Rangely Animal Shelter,407 1/2 Bronco Rd,81648,Rio Blanco County,6,2,78,10,,7,91,8,67,47,30,7,2,2,,2,,7,2,10,5,2,7,6,,8,22,7,50,9,16,3,16,3,,1,,3,2,5,2,,34,1,,,,2,10,2,2,2,1,,,,,2,1,12,1,,17,1,,,,1,15,1,,,2,4,,,,4,3,8,,,,,,,,,,,,,,,,,,,,,,,,,,,,,,,,,,,,,,,,,,,,,,,,,,,,,,,,,,,,,,,,,,,,,,,,,,,,,,,,,,,,,,,,,,,,,,,,,,,,,
PL0009GB,Town of Meeker Animal Control Facility,109 3rd St,81641,Rio Blanco County,,,95,18,,,,3,18,95,2,,1,,,,,,,4.1,,,2,,,,,,,,,,,,,,,2,,6,,,,,,,,,,,,,,,,,,,,,,,,,,,,,,,,,,,,,,,,,,,,,,,,,,,,,,,,,,,,,,,,,,,,,,,,,,,,,,,,,,,,,,,,,,,,,,,,,,,,,,,,,,,,,,,,,,,,,,,,,,,,,,,,,,,,,,,,,,,,,
PL0015AX,Upper Rio Grande Animal Society,2825 Sherman Ave,81144,Rio Grande County,27,,305,61,,,,,153,78,67,,,1,,,,32,15,15,,,63,2,,,,,46,14,10,,,2,,,,72,,5,,,,,,,,,,,,,,,,,,,,,,,,,,,,,,,,,,,,,,,,,,,,,,,,,,,,,,,,,,,,,,,,,,,,,,,,,,,,,,,,,,,,,,,,,,,,,,,,,,,,,,,,,,,,,,,,,,,,,,,,,,,,,,,,,,,,,,,,,,,,,
PL002C65,Routt County Humane Society,760 Critter Ct.,80477,Routt County,4,1,216,57,,,,13,86,194,2,,1,1,,3,,3,3,13,,,3,1,,1,,2,4,1,,,,,,,,,,7,27,2,90,43,,,,4,110,13,32,,,,,12,,14,,50,1,2,93,18,,,,2,81,2,1,,,2,,,,3,3,37,,,9,1,,,,,10,,,,,,,,,,,10,,,,,,,,,,,,,,,,,,,,,,,,,,,,1,1,,,,,,,,,,,51,2,,,2,,,,,,,2,,,,,,,,,28,,,,,,,,,,,,,,,,,,,,,
PL0000BQ,TOWN OF TELLURIDE ANIMAL SHELTER,12000 STATE HIGHWAY 145,81435,San Miguel County,1,,34,,,,,,,33,2,,,,,,,,,2.25,,,,,,,,,,,,,,,,,,,,,,,1,,,,,,,1,,,,,,,,,,2,,,,,,,,,,,,,,,,,,,,,,,,,,,,,,,,,,,,,,,,,,,,,,,,,,,,,,,,,,,,,,,,,,,,,,,,,,,,,,,,,,,,,,,,,,,,,,,,,,,,,,,,,,,,,,,,,,,,,,,,,
PL0004C6,Animal Clinic of Julesburg,809 West 3rd Street,80737,Sedgwick County,,,6,,,,,,1,,,3,,,,2,,6,,14,,,,,,,,,,,,,,,,,,,,,,,,,,,,,,,,,,,,,,,,,,,,,,,,,,,,,,,,,,,,,,,,,,,,,,,,,,,,,,,,,,,,,,,,,,,,,,,,,,,,,,,,,,,,,,,,,,,,,,,,,,,,,,,,,,,,,,,,,,,,,,,,,,,,,,,,,,,,,,,,,
PL0000CN,Summit County Animal Control and Shelter,0058 Nancy's Place,80443,Summit County,11,,137,30,,64,81,60,215,152,3,,,,,4,,15,,16,13,,4,3,,3,30,2,46,1,1,,,1,,,,,,16,20,,24,29,,37,8,17,113,21,,,,,,1,,12,,51,2,,18,12,,23,19,,54,4,,,,1,,1,,2,,51,,,1,,,,,,,,,,,1,,,,,,2,,,1,3,,,,2,1,1,3,,,1,,,,,,40,1,,,,,,,,,,1,,,,,,,,,15,,,,,,,,,,,,,,,,,,,,,,,,1,,1,,,,,,1,,,,,,1,,,7
PL000VQJ,Animal Rescue of the Rockies,0557 Broken Lance Drive,80424,Summit County,46,46,9,2,,45,166,28,242,,2,,,6,,,,47,47,100,20,20,,,,10,63,60,58,,,,,16,,,,20,20,36,47,47,64,5,,47,12,27,137,,1,,,3,,,,26,26,136,48,48,194,,,202,56,10,442,1,,,,11,,,,25,25,16,,,,,,,,,,,,,,,,,,,,,,,,,,,,,,,,,,,,,,,,,,,,,,,,,,,,,,,,,,,,,,,,,,,,,,,,,,,,,,,,,,,,,,,,,,,,,,,,,,,,,
PL00065C,CRIPPLE CREEK ANIMAL SHELTER,550 HAYDEN,80813,Teller County,,,47,19,,,,10,27,38,5,,4,,,,,2,,25,1,,,,,,,1,2,,,,,,,,,,,73,1,,,,,,,1,,1,,,,,,,,1,,7,,,,,,,,,,,,,,,,,,,,,,,,,,,,,,,,,,,,,,,,,,,,,,,,,,,,,,,,,,,,,,,,,,,,,,,,,,,,,,,,,,,,,,,,,,,,,,,,,,,,,,,,,,,,,,,,,,,,,,,,,
PL0007EP,Teller County Regional Animal Shelter,308 Weaverville Rd,80814,Teller County,12,1,348,46,,19,26,22,174,266,6,,,,,8,,18,2,12,7,8,19,15,,21,11,4,74,5,1,,,5,,,,,,29,15,6,52,62,,6,,12,118,8,,,,1,,9,,16,1,47,,1,19,58,,17,,1,91,,,,,2,,3,,,,41,,,,,,,,,,,,,,,,,,,,,,,,,,,,,,,,,,,,,,,,,,,,,,,,,,,,,,,,,,,,,,,,,,,,,,,,,,,,,,,,,,,,,,,,,,,,,,,,,,,,,
PL0021A6,Adoptable Animal Rescue Force,208 US Highway 24,80863,Teller County,,,,150,,,,50,200,,,,,,,,,,,10,,,,,,,,,,,,,,,,,,,,,,,,,,,,,,,,,,,,,,,,,,,,,,,,,,,,,,,,,,,,,,,,,,,,,,,,,,,,,,,,,,,,,,,,,,,,,,,,,,,,,,,,,,,,,,,,,,,,,,,,,,,,,,,,,,,,,,,,,,,,,,,,,,,,,,,,,,,,,,,,,
PL0009AP,Town of Akron,602 W. 1st St,80720,Washington County,,,38,6,,2,,7,2,39,8,,,,3,1,,53,,6.25,,,2,,,,,,,2,,,,,,,,2,,1,,,12,1,,,,1,4,2,3,,,,2,3,,14,,9.5,,,10,1,,,,0,6,,4,,,1,,,,11,11,8.3,,,,,,,,,,,,,,,,,,,,,,,,,,,,,,,,,,,,,,,,,,,,,,,,,,,,,,,,,,,,,,,,,,,,,,,,,,,,,,,,,,,,,,,,,,,,,,,,,,,,,
PL0000GE,"Highland Veterinary Clinic,PC",206 Second St.,80610,Weld County,,,33,2,2,,,,13,16,,,,,,2,2,,,10,,,,,,,,,,,,,,,,,,,,,,,14,,,,,,6,,8,,,,,,,,,14,,,,,,,,,,,,,,,,,,,,,,,,,,,,,,,,,,,,,,,,,,,,,,,,,,,,,,,,,,,,,,,,,,,,,,,,,,,,,,,,,,,1,,,,,,1,,,,,,,,,,,20,,,,,,,,,,,,,,,,,,,,,
PL000211,CARBON VALLEY ANIMAL HOSPITAL,101 W GRANT AVE,80520,Weld County,98,,98,,,,,,,84,12,,,2,,,,84,,5,,,,,,,,,,,,,,,,,,,,,,,,,,,,,,,,,,,,,,,,,,,,,,,,,,,,,,,,,,,,,,,,,,,,,,,,,,,,,,,,,,,,,,,,,,,,,,,,,,,,,,,,,,,,,,,,,,,,,,,,,,,,,,,,,,,,,,,,,,,,,,,,,,,,,,,,,,,,,,,,,
PL00053L,"Westie Rescue Network, Inc.",2704 Windemere Lane,80516,Weld County,2,2,,17,,4,,,19,,1,,,,,,,3,3,83,,,,,,,,,,,,,,,,,,,,,,,,,,,,,,,,,,,,,,,,,,,,,,,,,,,,,,,,,,,,,,,,,,,,,,,,,,,,,,,,,,,,,,,,,,,,,,,,,,,,,,,,,,,,,,,,,,,,,,,,,,,,,,,,,,,,,,,,,,,,,,,,,,,,,,,,,,,,,,,,,
PL000766,Ft. Lupton Veterinary Hospital,1025 1st Street,80621,Weld County,89,,89,,,,,,3,70,16,,,,,,,,,2.4,,,1,,,,,,,,1,,,,,,,1,,2.4,,,,,,,,,,,,,,,,,,,,,,,,,,,,,,,,,,,,,,,,,,,1,,,,,,1,,,,,,,,,,,1,,,,,,,,,,,,,,,,,,,,,,,,,,,,,,,,,,,,,,,,,,,,,,,,,,,,,,,,,,,,,,,,1,,,,,,,,1,,,,,,,,,1
PL000ABH,Colorado Reptile Humane Society,13941 Elmore Road,80504,Weld County,,,,,,,,,,,,,,,,,,,,,,,,,,,,,,,,,,,,,,,,,,,,,,,,,,,,,,,,,,,,,,,,,,,,,,,,,,,,,,,,,,,,,,,,,,,,,,,,,,,,,,,,,,,,,,,,,,,,,,,,,122,16,22,68,,9,,,28,4,,,,4,1,,,197,12,331,,,,,,,,,,,,,,,,,,,,,,,,,,,,,,,,,,,,,,,,,
PL000PCZ,"Big Bones Canine Rescue Service, Inc.",32614 County Road 23,80550,Weld County,24,7,3,52,,15,429,,441,,1,,,5,,10,,27,22,28,,8,,3,,11,132,,131,,,,,,,5,,1,9,27,,,,,,,,,,,,,,,,,,,,,,,,,,,,,,,,,,,,,,,,,,,,,,,,,,,,,,,,,,,,,,,,,,,,,,,,,,,,,,,,,,,,,,,,,,,,,,,,,,,,,,,,,,,,,,,,,,,,,,,,,,,,,,,,,,,,,,,,,,,,,
PL000Q3E,Rocky Mountain Siamese Rescue,1837 24th Avenue Court,80634,Weld County,,,,,,,,,,,,,,,,,,,,,,,,,,,,,,,,,,,,,,,,,,8,,2,,,15,,17,,,,,,,1,,,7,443,,,,,,,14,,10,,,,,1,,,,,3,57,,,,,,,,,,,,,,,,,,,,,,,,,,,,,,,,,,,,,,,,,,,,,,,,,,,,,,,,,,,,,,,,,,,,,,,,,,,,,,,,,,,,,,,,,,,,,,,,,,,,,
PL000RL9,Eaton Animal Den,231 South Elm Ave,80615,Weld County,2,,69,3,,,,,17,53,,,,,,3,,1,,34,,,,,,,,,,,,,,,,,,,,,,,,,,,,,,,,,,,,,,,,,,,,,,,,,,,,,,,,,,,,,,,,,,,,,,,,,,,,,,,,,,,,,,,,,,,,,,,,,,,,,,,,,,,,,,,,,,,,,,,,,,,,,,,,,,,,,,,,,,,,,,,,,,,,,,,,,,,,,,,,,
PL000S9T,Platteville Police Department,400 Grand Avenue,80651,Weld County,,,40,,,,,,,28,12,,,,,,,41,,1.08,,,9,,,,,,,7,2,,,,,,,9,,1,,,,,,,,,,,,,,,,,,,,,,,1,,,,,,,,1,,,,,,,,,,,,1,,,,,,,,,,1,,,,,,,3,,,,,,,,,,,,,,,,,,,,,,,,,,,,,,,,,,,,,,,,,,,,,,,,,,,,,,,,,,,,,,,,,,,,,,,,,,,,,,,,,
PL000YUX,Every Creature Counts,1245 Factory Circle,80621,Weld County,31,23,14,10,,270,65,9,278,4,,,,3,,9,,18,8,24,20,,15,2,,175,300,15,495,,,,510,6,,,,10,,26,301,,47,30,,427,325,24,768,,,,853,8,,10,,256,3,15,72,,72,111,,421,229,20,853,,,,20,9,,12,,44,5,18,,,,,,,,,,,,,,,,,,,,,,,,,,,,,,,,,,,,,,,,,,,,,,,,,,,,,,,,,,,,,,,,,,,,,,,,,,,,,,,,,,,,,,,,,,,,,,,,,,,,,
PL0017ZC,Rocky Mountain Puppy Rescue,15492 County Road 6,80621,Weld County,,25,,,,15,515,,540,,,,,,,,,,15,120,,8,,,,25,330,,357,,,,,6,,,,,,21,,,,,,,,,,,,,,,,,,,,,,,,,,,,,,,,,,,,,,,,,,,,,,,,,,,,,,,,,,,,,,,,,,,,,,,,,,,,,,,,,,,,,,,,,,,,,,,,,,,,,,,,,,,,,,,,,,,,,,,,,,,,,,,,,,,,,,,,,,,,,
PL001BMN,"Canine Candor, Inc.",28484 County Road 76,80615,Weld County,,,,4,,4,12,1,18,,,,,,,,,,3,30,,,,,,,,,,,,,,,,,,,,,,,,,,,,,,,,,,,,,,,,,,,,,,,,,,,,,,,,,,,,,,,,,,,,,,,,,,,,,,,,,,,,,,,,,,,,,,,,,,,,,,,,,,,,,,,,,,,,,,,,,,,,,,,,,,,,,,,,,,,,,,,,,,,,,,,,,,,,,,,,,
PL001G17,My Second Home Rescue,13433 County Road 108,80612,Weld County,,17,,6,,1,80,,96,,,,,2,,,,,6,45,,9,,1,,4,55,,63,,,,,1,,,,,5,32,,,,,,,,,,,,,,,,,,,,,,,,,,,,,,,,,,,,,,,,,,,,,,,,,,,,,,,,,,,,,,,,,,,,,,,,,,,,,,,,,,,,,,,,,,,,,,,,,,,,,,,,,,,,,,,,,,,,,,,,,,,,,,,,,,,,,,,,,,,,,
PL001R08,All Aboard Animal Rescue & Shelter,1721 West Harmony Road Unit #104,80526,Weld County,,,,,,,,,,,,,,,,,,,,,,37,,9,,15,1445,,1459,,4,,,5,1,1,,,7,7,,,,,,,,,,,,,,,,,,,,,,,,,,,,,,,,,,,,,,,,,,,,,,,,,,,,,,,,,,,,,,,,,,,,,,,,,,,,,,,,,,,,,,,,,,,,,,,,,,,,,,,,,,,,,,,,,,,,,,,,,,,,,,,,,,,,,,,,,,,,,
PL001UGW,Humane Society of Weld County,1620 42nd Street,80620,Weld County,70,,1792,223,152,2,,167,837,987,126,6,,5,2,245,152,68,2,10,5,,99,27,1,,,9,90,11,6,,,7,,4,1,1,14,10.6,84,1,670,125,69,4,,48,480,54,111,,,1,1,257,69,49,,31.5,12,14,669,53,,,,16,423,3,161,,,46,,92,,1,13,10.9,,,4,2,,,,,5,1,,,,,,,,,,25.7,,,18,5,1,,,,17,1,2,,,,2,1,1,,,34.86,,,,,,,,,,,,,,,,,,,,,1,,13,6,,,,,13,1,4,,,,,1,,,,20.5,,,,,,,,,,,,,,,,,,,,,
PL00282V,"Dancing Dog Rescue and Recovery Ranch, Inc.",8759 CR 55,80643,Weld County,4,,,6,,25,112,,99,,,,,,,,,35,10,120,,,,12,,3,33,,48,,,,,2,,,,3,,70,,,,,,,,,,,,,,,,,,,,,,,,,,,,,,,,,,,,,,,,,,,,,,,,,,,,,,,,,,,,,,,,,,,,,,,,,,,,,,,,,,,,,,,,,,,,,,,,,,,,,,,,,,,,,,,,,,,,,,,,,,,,,,,2,,,2,,,,,,,,,,,45
PL002A4H,Kloer Veterinary LLC / Garden Valley Veterinary Hospital,32450 Hwy 257,80550,Weld County,,,,,,,,,,,,,,,,,,,,,,,,,,,,,,,,,,,,,,,,,,,,,,,,,,,,,,,,,,,,,,,,,,,,,,,,,,,,,,,,,,,,,,,,,,,,,,,,,,,,,,,,,,,,,,,,,,,,,,,,,,,,,,,,,,,,,,,,,,,,,,,,,,,,,,,,,,,,,,,,,,,,,,,,,,,,,,,,,,,,,
PL002GE8,Bounce Rescue,18490 CR 1,80513,Weld County,,,,13,,12,34,,52,,2,,,,,,,7,7,15,258,258,,10,,29,229,,258,,,,,1,,,,46,46,15,,,,,,,,,,,,,,,,,,,,,,,,,,,,,,,,,,,,,,,,,,,,,,,,,,,,,,,,,,,,,,,,,,,,,,,,,,,,,,,,,,,,,,,,,,,,,,,,,,,,,,,,,,,,,,,,,,,,,,,,,,,,,,,,,,,,,,,,,,,,,
PL000846,City of Wray Animal Shelter,100 E Badger Street,80758,Yuma County,,,56,,,,,,,52,2,,,,,2,,,,3,,,,,,,,,,,,,,,,,,,,,,,,,,,,,,,,,,,,,,,,,,,,,,,,,,,,,,,,,,,,,,,,,,,,,,,,,,,,,,,,,,,,,,,,,,,,,,,,,,,,,,,,,,,,,,,,,,,,,,,,,,,,,,,,,,,,,,,,,,,,,,,,,,,,,,,,,,,,,,,,,
PL000AH5,City of Yuma Animal Shelter,102 N. Birch St,80759,Yuma County,,,83,,,,,,,59,24,,,,,,,,4,2.7,,,,,,,,,,,,,,,,,,,,,,,,,,,,,,,,,,,,,,,,,,,,,,,,,,,,,,,,,,,,,,,,,,,,,,,,,,,,,,,,,,,,,,,,,,,,,,,,,,,,,,,,,,,,,,,,,,,,,,,,,,,,,,,,,,,,,,,,,,,,,,,,,,,,,,,,,,,,,,,,,